"exp_technique_stable","gene_protein_modification","exp_technique_transient","allele_type","name","description","expression","evidence_code","eco"
"gene mutation; gene complementation","insertion of alanine residue at position 503",,"amino acid insertion",,"503-A","Not assayed","Unknown",
"gene mutation","A25G",,"amino acid substitution(s)",,"A25G","Not assayed","Unknown",
"gene mutation","A25G/T53C",,"amino acid substitution(s)",,"A25G,T53C","Not assayed","Unknown",
"gene mutation","A57T/G58C/T59C",,"amino acid substitution(s)",,"A57T,G58C,T59C","Not assayed","Unknown",
"gene mutation","A95V",,"amino acid substitution(s)",,"A95V","Not assayed","Unknown",
"gene mutation; gene complementation","AfAceAC10S; AfAceAC45S",,"amino acid substitution(s)",,"AC10S | C45S","Not assayed","Unknown",
"gene mutation: characterised; gene complementation","Ala106Thr",,"amino acid substitution(s)",,"A106T","Not assayed","Unknown",
"gene mutation: characterised; gene complementation","Ala271Val",,"amino acid substitution(s)",,"A271V","Not assayed","Unknown",
"gene mutation","AnvM C44S",,"amino acid substitution(s)",,"C44S","Not assayed","Unknown",
"gene mutation: characterised; gene complementation","Asp486Glu",,"amino acid substitution(s)",,"N486E","Not assayed","Unknown",
"gene mutation","Asp82Gly",,"amino acid substitution(s)",,"N82G","Not assayed","Unknown",
"functional test in host: transient expression","Avr3bP132A","agroinfiltration Avr3bP132A","amino acid substitution(s)",,"P132A","Not assayed","Unknown",
"functional test in host: transient expression","Avr3bP132A","bombardment with Avr3bP132A","amino acid substitution(s)",,"P132A","Not assayed","Unknown",
"gene mutation; gene complementation","C115S, C118S, C203S or C206S",,"amino acid substitution(s)",,"C115S | C118S | C203S | C206S","Not assayed","Unknown",
"gene mutation; gene complementation","C128A",,"amino acid substitution(s)",,"C128A","Not assayed","Unknown",
"gene mutation; gene complementation","C128D",,"amino acid substitution(s)",,"C128D","Not assayed","Unknown",
"gene mutation; gene complementation","C128S",,"amino acid substitution(s)",,"C128S","Not assayed","Unknown",
"gene mutation; gene complementation","C195S",,"amino acid substitution(s)",,"C195S","Not assayed","Unknown",
"gene mutation","C28A",,"amino acid substitution(s)",,"C28A","Not assayed","Unknown",
"gene mutation","C292A",,"amino acid substitution(s)",,"C292A","Not assayed","Unknown",
"gene mutation","C351A",,"amino acid substitution(s)",,"C351A","Not assayed","Unknown",
"gene mutation","C38A",,"amino acid substitution(s)",,"C38A","Not assayed","Unknown",
"gene mutation","C3A",,"amino acid substitution(s)",,"C3A","Not assayed","Unknown",
"gene mutation; gene complementation","C462S",,"amino acid substitution(s)",,"C462S","Not assayed","Unknown",
"gene mutation","CNF1-C866S",,"amino acid substitution(s)",,"C866S","Not assayed","Unknown",
"gene mutation; gene complementation","CaARV1 C28A",,"amino acid substitution(s)",,"C28A","Not assayed","Unknown",
"gene mutation; gene complementation","CaARV1 C3A; CaARV1 Y38A",,"amino acid substitution(s)",,"C3A | Y38A","Not assayed","Unknown",
"gene mutation; gene complementation","CaARV1 Y38A",,"amino acid substitution(s)",,"Y38A","Not assayed","Unknown",
"gene mutation; gene complementation","CaErg11 Y132L F145L",,"amino acid substitution(s)",,"Y132L,F145L","Not assayed","Unknown",
"gene mutation","Cap-S35A point mutation",,"amino acid substitution(s)",,"S35A","Not assayed","Unknown",
"gene mutation","D10A; D58A",,"amino acid substitution(s)",,"D10A | D58A","Not assayed","Unknown",
"altered gene expression / gene regulation: overexpression","D144A-Y222A",,"amino acid substitution(s)",,"D144A,Y222A","Overexpression","Unknown",
"gene mutation; gene complementation","D144A/N146A/Y149A",,"amino acid substitution(s)",,"D144A,N146A,Y149A","Not assayed","Unknown",
"altered gene expression / gene regulation: overexpression; gene complementation","D180A",,"amino acid substitution(s)",,"D180A","Overexpression","Unknown",
"gene mutation: characterised","D182A, Y200A and T17035A",,"amino acid substitution(s)",,"D182A,Y200A,T17035A","Not assayed","Unknown",
"gene mutation: characterised","D19A-R21A; K36A",,"amino acid substitution(s)",,"D19A,R21A | K36A","Not assayed","Unknown",
"gene deletion: full; gene complementation","D270N substitution in the GT domain of TcdB",,"amino acid substitution(s)",,"D270N","Not assayed","Unknown",
"gene mutation; gene complementation","D279A",,"amino acid substitution(s)",,"D279A","Not assayed","Unknown",
"gene mutation; heterologous expression","D308A/ S309A",,"amino acid substitution(s)",,"D308A,S309A","Not assayed","Unknown",
"gene mutation","D408A",,"amino acid substitution(s)",,"D408A","Not assayed","Unknown",
"gene mutation: characterised","D53A",,"amino acid substitution(s)",,"D53A","Not assayed","Unknown",
"altered gene expression / gene regulation: overexpression; gene complementation","D54A",,"amino acid substitution(s)",,"D54A","Overexpression","Unknown",
"gene deletion: full","D54A",,"amino acid substitution(s)",,"D54A",,"Unknown",
"gene mutation; gene complementation","D54A",,"amino acid substitution(s)",,"D54A","Not assayed","Unknown",
"gene mutation; gene complementation","D54E",,"amino acid substitution(s)",,"D54E","Not assayed","Unknown",
"gene mutation; gene complementation","D6N; D99N; D6N and D99N; E43Q; E43Q and D99N; E120Q",,"amino acid substitution(s)",,"D6N | D99N | D6N,D99N | E43Q | E43Q,D99N | E120Q","Not assayed","Unknown",
"gene mutation","E146A; C127S/C131S; C127S/C131S/C154G",,"amino acid substitution(s)",,"E146A | C127S,C131S | C127S,C131S,C154G","Not assayed","Unknown",
"gene deletion: full; gene complementation","E153A",,"amino acid substitution(s)",,"E153A","Not assayed","Unknown",
"gene mutation: characterised","E281A",,"amino acid substitution(s)",,"E281A","Not assayed","Unknown",
"gene mutation: characterised","E48A",,"amino acid substitution(s)",,"E48A","Not assayed","Unknown",
"gene mutation","ExoY K81M",,"amino acid substitution(s)",,"K81M","Not assayed","Unknown",
"gene mutation: characterised","FU13S point mutation changing Arg83 to Ser83",,"amino acid substitution(s)",,"R83S","Not assayed","Unknown",
"gene mutation","FgSey1A644V",,"amino acid substitution(s)",,"A644V","Not assayed","Unknown",
"gene mutation","FgSey1K63A; FgSey1T87A",,"amino acid substitution(s)",,"K63A | T87A","Not assayed","Unknown",
"gene mutation","FvMyo1 S73L, FvMyo1 E276K",,"amino acid substitution(s)",,"S73L,E276K","Not assayed","Unknown",
"gene mutation","G1099D; P927S; L344S; G346D",,"amino acid substitution(s)",,"G1099D | P927S | L344S | G346D","Not assayed","Unknown",
"gene mutation","G113C",,"amino acid substitution(s)",,"G113C","Not assayed","Unknown",
"gene mutation","G187S",,"amino acid substitution(s)",,"G187S","Not assayed","Unknown",
"gene mutation","G373V",,"amino acid substitution(s)",,"G373V","Not assayed","Unknown",
"gene mutation","G580S",,"amino acid substitution(s)",,"G580S","Not assayed","Unknown",
"altered gene expression / gene regulation: overexpression","GdpX6 D403A",,"amino acid substitution(s)",,"D403A","Overexpression","Unknown",
"gene mutation","GdpX6 D403A",,"amino acid substitution(s)",,"D403A","Not assayed","Unknown",
"altered gene expression / gene regulation: overexpression","GdpX6 E411A",,"amino acid substitution(s)",,"E411A","Overexpression","Unknown",
"gene mutation","GdpX6 E411A",,"amino acid substitution(s)",,"E411A","Not assayed","Unknown",
"gene mutation; gene complementation","Gls1 N497Q",,"amino acid substitution(s)",,"N497Q","Not assayed","Unknown",
"gene mutation","Gly81Cys or Gly81Asp or Asp87Gly or Asp87Asn",,"amino acid substitution(s)",,"G81C | G81D | D87G | D87N","Not assayed","Unknown",
"gene mutation","H107N",,"amino acid substitution(s)",,"H107N","Not assayed","Unknown",
"gene mutation: characterised","H193A",,"amino acid substitution(s)",,"H193A","Not assayed","Unknown",
"gene deletion: full","H234Q",,"amino acid substitution(s)",,"H234Q",,"Unknown",
"gene mutation: characterised","H360A",,"amino acid substitution(s)",,"H360A","Not assayed","Unknown",
"gene deletion: full; gene complementation","H3K9Q",,"amino acid substitution(s)",,"H3K9Q","Not assayed","Unknown",
"gene deletion: full; gene complementation","H3K9R and H3K9A",,"amino acid substitution(s)",,"H3K9R,H3K9A","Not assayed","Unknown",
"gene mutation; gene complementation","HtrA S221A",,"amino acid substitution(s)",,"S221A","Not assayed","Unknown",
"gene mutation; altered gene expression / gene regulation: overexpression","K188Q",,"amino acid substitution(s)",,"K188Q","Overexpression","Unknown",
"gene mutation; altered gene expression / gene regulation: overexpression","K188R",,"amino acid substitution(s)",,"K188R","Overexpression","Unknown",
"gene deletion: full","K206Q",,"amino acid substitution(s)",,"K206Q","Not assayed","Unknown",
"gene deletion: full","K206R; K206A",,"amino acid substitution(s)",,"K206R | K206A","Not assayed","Unknown",
"gene mutation: characterised; gene complementation","K221,224,228 in the cryptococcal Pho81 SPX domain was altered to alanine, creating the Pho81 SPXAAA strain",,"amino acid substitution(s)",,"K221A,K224A,K228A","Not assayed","Unknown",
"gene mutation","K252Q",,"amino acid substitution(s)",,"K252Q","Not assayed","Unknown",
"gene mutation","K293A and K294A",,"amino acid substitution(s)",,"K293A,K294A","Not assayed","Unknown",
"gene mutation","K370R/K370A",,"amino acid substitution(s)",,"K370R,K370A","Not assayed","Unknown",
"gene deletion: full; gene complementation","K609R",,"amino acid substitution(s)",,"K609R","Not assayed","Unknown",
"gene mutation; gene complementation","L101A/L105A",,"amino acid substitution(s)",,"L101A,L105A","Not assayed","Unknown",
"gene mutation; gene complementation","L108A/G110A",,"amino acid substitution(s)",,"L108A,G110A","Not assayed","Unknown",
"gene deletion: full; gene complementation","L641A",,"amino acid substitution(s)",,"L641A","Not assayed","Unknown",
"gene mutation","L703F amino acid substitution at HS3 region in MICAEVO strain in a homozygous form.",,"amino acid substitution(s)",,"L703F","Not assayed","Unknown",
"gene mutation","L826F; G299V; L473I; T345A",,"amino acid substitution(s)",,"L826F | G299V | L473I | T345A","Not assayed","Unknown",
"gene mutation: characterised","Leu458Lys",,"amino acid substitution(s)",,"L458K","Not assayed","Unknown",
"gene mutation","LonS654A",,"amino acid substitution(s)",,"S654A","Not assayed","Unknown",
"gene mutation","LonS654E or LonS654D",,"amino acid substitution(s)",,"S654E | S654D","Not assayed","Unknown",
"gene mutation; gene complementation","LpxC F191L",,"amino acid substitution(s)",,"F191L","Not assayed","Unknown",
"gene mutation; gene complementation","M352A",,"amino acid substitution(s)",,"M352A","Not assayed","Unknown",
"gene mutation: characterised","M3S point mutation changing Ile83 to Ser83",,"amino acid substitution(s)",,"I83S","Not assayed","Unknown",
"functional test in host: transient expression of recombinant mutant proteins","MgtR-S17I",,"amino acid substitution(s)",,"S17I","Not assayed","Unknown",
"gene mutation: characterised; gene complementation","Mpmt1K88R, Mpmt1K482R",,"amino acid substitution(s)",,"K88R,K482R","Not assayed","Unknown",
"gene mutation: characterised; gene complementation","Mpmt4K360R",,"amino acid substitution(s)",,"K360R","Not assayed","Unknown",
"gene mutation","P78A and D64A",,"amino acid substitution(s)",,"P78A,D64A","Not assayed","Unknown",
"gene mutation","PMP1S240D",,"amino acid substitution(s)",,"S240D","Not assayed","Unknown",
"gene mutation","PelIQ227A",,"amino acid substitution(s)",,"Q227A","Not assayed","Unknown",
"gene mutation: characterised","Pg-15S point mutation changing Ile83 to Ser83",,"amino acid substitution(s)",,"I83S","Not assayed","Unknown",
"gene mutation: characterised","Pg-7S point mutation changing Arg83 to Ser83",,"amino acid substitution(s)",,"R83S","Not assayed","Unknown",
"gene mutation","PrtA-S280A",,"amino acid substitution(s)",,"S280A","Not assayed","Unknown",
"other evidence: transgenic plants","PrtA-S280A",,"amino acid substitution(s)",,"S280A","Not assayed","Unknown",
"gene mutation; gene complementation","PsXEG1 N174A&N190A",,"amino acid substitution(s)",,"N174A,N190A","Not assayed","Unknown",
"gene mutation","Q225P",,"amino acid substitution(s)",,"Q225P","Not assayed","Unknown",
"gene mutation","Q228K",,"amino acid substitution(s)",,"Q228K","Not assayed","Unknown",
"gene deletion: full; gene complementation","R15A; D17A; S18A; E19A; Q22A; S3A",,"amino acid substitution(s)",,"R15A | D17A | S18A | E19A | Q22A | S3A","Not assayed","Unknown",
"gene mutation: characterised; gene complementation","R275L",,"amino acid substitution(s)",,"R275L","Not assayed","Unknown",
"gene mutation","R61A",,"amino acid substitution(s)",,"R61A","Not assayed","Unknown",
"gene mutation; gene complementation","R61A or R93A or R61 + R93A or all KR sites mutated to KA (ALL KA)",,"amino acid substitution(s)",,"R61A | R93A | R61 R93A","Not assayed","Unknown",
"gene mutation","RhlR Y64F W68F V133F triple mutant",,"amino acid substitution(s)",,"Y64F,W68F,V133F","Not assayed","Unknown",
"gene mutation; gene complementation","S1407P",,"amino acid substitution(s)",,"S1407P","Not assayed","Unknown",
"gene deletion: full; gene complementation","S18T",,"amino acid substitution(s)",,"S18T","Not assayed","Unknown",
"gene mutation; other evidence: transgenic plants","S24A; S31A",,"amino acid substitution(s)",,"S24A | S31A","Not assayed","Unknown",
"gene mutation: characterised","S342F; H131Y",,"amino acid substitution(s)",,"S342F | H131Y","Not assayed","Unknown",
"gene mutation: characterised","S345AC347A point mutation",,"amino acid substitution(s)",,"S345A,C347A","Not assayed","Unknown",
"gene mutation","S52N",,"amino acid substitution(s)",,"S52N","Not assayed","Unknown",
"gene mutation","S656P substitution at the HS1 region in ANDEVO strain in a heterozygous form.",,"amino acid substitution(s)",,"S656P","Not assayed","Unknown",
"gene mutation; gene complementation","SNP C595T",,"amino acid substitution(s)",,"C595T","Not assayed","Unknown",
"gene mutation","Ser83Arg",,"amino acid substitution(s)",,"S83R","Not assayed","Unknown",
"gene mutation","SiiA-R120A and SiiA-S197E",,"amino acid substitution(s)",,"R120A,S197E","Not assayed","Unknown",
"gene mutation","SiiA-R162A",,"amino acid substitution(s)",,"R162A","Not assayed","Unknown",
"gene mutation: characterised","Spa47 E188A/R350A",,"amino acid substitution(s)",,"E188A,R350A","Not assayed","Unknown",
"gene mutation: characterised","Spa47 K165A, Spa47 E188A, Spa47 R350",,"amino acid substitution(s)",,"K165A,E188A,R350","Not assayed","Unknown",
"heterologous expression","T12A",,"amino acid substitution(s)",,"T12A","Not assayed","Unknown",
"heterologous expression","T12D",,"amino acid substitution(s)",,"T12D","Not assayed","Unknown",
"gene mutation: characterised","T284A",,"amino acid substitution(s)",,"T284A","Not assayed","Unknown",
"gene mutation; other evidence: heterologous expression","T2A, T2R, T2Q, T2S",,"amino acid substitution(s)",,"T2A,T2R,T2Q,T2S","Not assayed","Unknown",
"gene mutation","T442P and Q443",,"amino acid substitution(s)",,"T442P,Q443","Not assayed","Unknown",
"gene mutation","T53C",,"amino acid substitution(s)",,"T53C","Not assayed","Unknown",
"gene mutation","T95I",,"amino acid substitution(s)",,"T95I","Not assayed","Unknown",
"gene mutation","TcpP C1951/124S",,"amino acid substitution(s)",,"C195I,C124S","Not assayed","Unknown",
"gene mutation","TcpP C58S",,"amino acid substitution(s)",,"C58S","Not assayed","Unknown",
"gene mutation: characterised; gene complementation","Thr182Ile",,"amino acid substitution(s)",,"T182I","Not assayed","Unknown",
"gene mutation: characterised; gene complementation","Thr222Ile",,"amino acid substitution(s)",,"T222I","Not assayed","Unknown",
"gene mutation: characterised; gene complementation","Thr74Ile",,"amino acid substitution(s)",,"T74I","Not assayed","Unknown",
"gene mutation: characterised","Thr86Ile",,"amino acid substitution(s)",,"T86I","Not assayed","Unknown",
"gene mutation: characterised","Thr86Ile; Thr86Ile, Asp90Asn",,"amino acid substitution(s)",,"T86I | T86I,D90N","Not assayed","Unknown",
"gene mutation","Tnrip36E149A",,"amino acid substitution(s)",,"E149A","Not assayed","Unknown",
"gene mutation","V111D",,"amino acid substitution(s)",,"V111D","Not assayed","Unknown",
"gene mutation","V420I and T442I",,"amino acid substitution(s)",,"V420I,T442I","Not assayed","Unknown",
"gene mutation; gene complementation","V443F",,"amino acid substitution(s)",,"V443F","Not assayed","Unknown",
"gene mutation","VgrG-1-ACD V1013A and M1014A; I1017A and K1018A",,"amino acid substitution(s)",,"V1013A,M1014A | I1017A,K1018A","Not assayed","Unknown",
"functional test in host","VirB6aF20A",,"amino acid substitution(s)",,"F20A","Not assayed","Unknown",
"functional test in host: direct injection","VirB6aF20A",,"amino acid substitution(s)",,"F20A","Not assayed","Unknown",
"functional test in host","VirB6aL18A",,"amino acid substitution(s)",,"L18A","Not assayed","Unknown",
"functional test in host: direct injection","VirB6aL18A",,"amino acid substitution(s)",,"L18A","Not assayed","Unknown",
"gene mutation","W231T or P234A",,"amino acid substitution(s)",,"W231T | P234A","Not assayed","Unknown",
"gene mutation","Y132L F145L",,"amino acid substitution(s)",,"Y132L,F145L","Not assayed","Unknown",
"gene mutation","Y225N; F473I",,"amino acid substitution(s)",,"Y225N | F473I","Not assayed","Unknown",
"gene mutation","Y241A",,"amino acid substitution(s)",,"Y241A","Not assayed","Unknown",
"gene mutation","Y284A and D286/288N",,"amino acid substitution(s)",,"Y284A,D286N,D288N","Not assayed","Unknown",
"gene deletion: full; gene complementation","Y33A",,"amino acid substitution(s)",,"Y33A","Not assayed","Unknown",
"gene mutation","Y38A",,"amino acid substitution(s)",,"Y38A","Not assayed","Unknown",
"gene mutation","Y503Acis",,"amino acid substitution(s)",,"Y503A","Not assayed","Unknown",
"gene mutation: characterised","cda1 D166N,R254A,D294N (cda1CS)",,"amino acid substitution(s)",,"D166N,R254A,D294N","Not assayed","Unknown",
"gene mutation","codon175 (TCA) for serine was changed to a codon (TTA) for leucine; codon276 (GAG) for glutamic acid was changed to a codon (AAG) for lysine",,"amino acid substitution(s)",,"S175L,E276K","Not assayed","Unknown",
"gene mutation","constitutively active (CA) form of MoYpt7 (Q67L mutation)",,"amino acid substitution(s)",,"Q67L","Not assayed","Unknown",
"gene mutation","dominant negative (DN) form of MoYpt7 (N125I mutation)",,"amino acid substitution(s)",,"N125I","Not assayed","Unknown",
"other evidence: overexpressing transgenic plants","essential amino acids at position 219, 220, 223 and 224 changed into Glutamine to get catalytically inactive mutant",,"amino acid substitution(s)",,"?219Q,?220Q,?223Q,?224Q","Overexpression","Unknown",
"gene mutation","grlA:ML1 (K111A R114A)",,"amino acid substitution(s)",,"K111A,R114A","Not assayed","Unknown",
"gene mutation","grlA:ML2 (R132A K135A)",,"amino acid substitution(s)",,"R132A,K135A","Not assayed","Unknown",
"gene mutation","lcrVC273A",,"amino acid substitution(s)",,"C273A","Not assayed","Unknown",
"gene deletion: full; gene complementation","lon-1 (S714A)",,"amino acid substitution(s)",,"S714A","Not assayed","Unknown",
"gene mutation: characterised","pg-10I point mutation changing Ser83 to Ile83",,"amino acid substitution(s)",,"S83I","Not assayed","Unknown",
"gene mutation: characterised","pg-10R point mutation changing Ser83 to Arg83",,"amino acid substitution(s)",,"S83R","Not assayed","Unknown",
"gene mutation","phoR L421A",,"amino acid substitution(s)",,"L421A","Not assayed","Unknown",
"gene mutation: characterised","phoR L421A",,"amino acid substitution(s)",,"L421A","Not assayed","Unknown",
"gene mutation; functional test in host: transient expression","pipS106A",,"amino acid substitution(s)",,"S106A","Not assayed","Unknown",
"gene mutation; other evidence: transgenic plants","pipS106A",,"amino acid substitution(s)",,"S106A","Not assayed","Unknown",
"gene mutation","point mutation changing the cysteine codons (TGC) at positions 8 and 14 of PrpA to serine (AGC)",,"amino acid substitution(s)",,"C8S,C14S","Not assayed","Unknown",
"gene mutation","point mutation was detected at nucleotide position 1358, causing the F453S mutation; point mutation at 1979 (C→T)",,"amino acid substitution(s)",,"F453S","Not assayed","Unknown",
"gene deletion: full","point mutations: F46Y, M172V, N248T, D255E, E427K",,"amino acid substitution(s)",,"F46Y,M172V,N248T,D255E,E427K","Not assayed","Unknown",
"gene mutation","pol3 D270G",,"amino acid substitution(s)",,"D270G","Not assayed","Unknown",
"gene mutation","protease-inactive HtrA-S197A",,"amino acid substitution(s)",,"S197A","Not assayed","Unknown",
"gene mutation; gene complementation","putative N-glycosylation sites were substituted with glutamine (N36Q and N484Q) residues (Pdi1ΔN-gly)",,"amino acid substitution(s)",,"N36Q,N484Q","Not assayed","Unknown",
"gene mutation; gene complementation","putative O- and N-glycosylation sites were substituted with alanine (S4A, S24A, S340A, S344A, S346A, S350A, S477A and T486A) and glutamine (N36Q and N484Q) residues (Pdi1ΔN,O-gly)",,"amino acid substitution(s)",,"S4A,S24A,S340A,S344A,S346A,S350A,S477A,T486A,N36Q,N484Q","Not assayed","Unknown",
"gene mutation; gene complementation","putative O-glycosylation sites were substituted with alanine (S4A, S24A, S340A, S344A, S346A, S350A, S477A and T486A) residues (Pdi1ΔO-gly)",,"amino acid substitution(s)",,"S4A,S24A,S340A,S344A,S346A,S350A,S477A,T486A","Not assayed","Unknown",
"gene deletion: full; gene complementation","st_YfdX(FFY) - three core residues (Phe42, Phe45 and Tyr165) were substituted with alanine",,"amino acid substitution(s)",,"F42A,F45A,Y165A","Not assayed","Unknown",
"gene mutation; gene complementation","ste7S216A/T220A or ste7S362A",,"amino acid substitution(s)",,"S216A,T220A | S362A","Not assayed","Unknown",
"gene mutation; gene complementation","ste7S391A or ste7S440A or ste7T485A",,"amino acid substitution(s)",,"S391A | S440A | T485A","Not assayed","Unknown",
"functional test in host: transient expression; gene mutation: characterised","xopX S193A; xopX S477A; XopX S84A; XopX T430A; XopX T621A",,"amino acid substitution(s)",,"S193A | S477A | S84A | T430A | T621A","Not assayed","Unknown",
"gene deletion: full; gene complementation","ΔMoatg3/MoATG3 K262,267R",,"amino acid substitution(s)",,"K262R,K267R","Not assayed","Unknown",
"gene deletion: full; gene complementation","ΔMoatg9/MoATG9 K621R",,"amino acid substitution(s)",,"K621R","Not assayed","Unknown",
"gene mutation; gene complementation","ΔmroQ(E141A)",,"amino acid substitution(s)",,"E141A","Not assayed","Unknown",
"gene mutation; gene complementation","ΔmroQ(E142A); ΔmroQ(H180A)",,"amino acid substitution(s)",,"E142A | H180A","Not assayed","Unknown",
"gene deletion",,,"deletion",,,,"Unknown",
"gene deletion: cluster",,,"deletion",,,,"Unknown",
"gene deletion: cluster; gene complementation",,,"deletion",,,,"Unknown",
"gene deletion: full",,,"deletion",,,,"Unknown",
"gene deletion: full; chemical complementation",,,"deletion",,,,"Unknown",
"gene deletion: full; gene complementation",,,"deletion",,,,"Unknown",
"gene deletion: full; gene complementation; chemical complementation",,,"deletion",,,,"Unknown",
"gene deletion: full; heterologous complementation",,,"deletion",,,,"Unknown",
"gene deletion: full; heterologous expression",,,"deletion",,,,"Unknown",
"gene deletion: full; heterologous gene complementation",,,"deletion",,,,"Unknown",
"gene deletion: full; other evidence: fungal crossing",,,"deletion",,,,"Unknown",
"gene deletion; altered gene expression / gene regulation: overexpression",,,"deletion",,,,"Unknown",
"gene deletion; biochemical analysis",,,"deletion",,,,"Unknown",
"gene deletion; complementation",,,"deletion",,,,"Unknown",
"gene deletion; gene complementation",,,"deletion",,,,"Unknown",
"gene deletion; gene complementation; biochemical evidence",,,"deletion",,,,"Unknown",
"gene deletion; gene mutation: characterised",,,"deletion",,,,"Unknown",
"gene disruption; gene deletion",,,"deletion",,,,"Unknown",
"gene disruption; gene deletion; gene complementation",,,"deletion",,,,"Unknown",
"other evidence: host gene deletion",,,"deletion",,,,"Unknown",
"gene deletion: full; gene complementation","(delta/delta/delta/delta)pst3-ycp4delta::HIS1/pst3-ycp4delta::LEU2 pst2delta::frt/pst2delta::frt pst1delta::frt/pst1delta::frt arg4delta/arg4delta",,"deletion",,,,"Unknown",
"gene deletion: full; gene complementation","(pst2deltapst3deltaycp4delta) pst3-ycp4delta::HIS1/pst3-ycp4delta::LEU2 pst2delta::frt/pst2delta::frt ARG4/arg4delta",,"deletion",,,,"Unknown",
"gene deletion: full; gene complementation","(pst3deltaycp4delta)pst3-ycp4delta::HIS1/pst3-ycp4delta::LEU2 arg4delta/arg4delta",,"deletion",,,,"Unknown",
"gene deletion: full; gene complementation","5448deltagloA",,"deletion",,,,"Unknown",
"gene mutation","60190deltavacA",,"deletion",,,,"Unknown",
"gene mutation: characterised; gene complementation","DE719deltadotU (dotUdeletion mutant in DE719)",,"deletion",,,"Not assayed","Unknown",
"gene deletion: full; gene complementation","E. Faecium U0317 deltacapD (S)(Spectinomycin cassette insertion/replacement)",,"deletion",,,,"Unknown",
"gene deletion: full; gene complementation","Fgnot3::GEN",,"deletion",,,,"Unknown",
"gene mutation","G27deltacagA",,"deletion",,,,"Unknown",
"gene mutation","G27deltacagE",,"deletion",,,,"Unknown",
"gene mutation","G27deltacagPAI",,"deletion",,,,"Unknown",
"gene deletion: full; gene complementation","JIR8094gerS::ermB",,"deletion",,,,"Unknown",
"gene deletion: full; gene complementation","MAT cdc50 ::NEO",,"deletion",,,,"Unknown",
"gene deletion: full","MATalpha nth1::NATR",,"deletion",,,,"Unknown",
"gene deletion: full","MATalpha nth2::NEOR",,"deletion",,,,"Unknown",
"gene deletion: full; gene complementation","MATaptp1delta::NEO",,"deletion",,,,"Unknown",
"gene deletion: full; gene complementation","MATaptp2delta::NEO",,"deletion",,,,"Unknown",
"gene deletion: full; gene complementation","MoMkk1S19D-GFP, MoMkk1S125D-GFP, MoMkk1S136D-GFP, MoMkk1T207D-GFP, MoMkk1T24D-GFP, phosphomimic mutation of MoMkk16D",,"deletion",,,,"Unknown",
"gene deletion: full; gene complementation","PA0011 replacement mutant with a Ω-Sm cassette inserted, SmR",,"deletion",,,,"Unknown",
"gene deletion: full","PPGK::FRT::TRP1::FRT::hph epa2delta::FLP1 (EPA2ORF was replaced with the S. cerevisiae FLP1 gene encoding the Flp1 site-specific recombinase in the BG625 background).",,"deletion",,,,"Unknown",
"gene deletion: full; gene complementation","RN4220deltarsmH::aph;Kmr",,"deletion",,,,"Unknown",
"gene deletion: full; gene complementation","RN4220deltarsmI::pT0447; Cmr",,"deletion",,,,"Unknown",
"gene deletion: full; gene complementation","SG200deltapit1 (deletion construct containing hygromycin resistance marker)",,"deletion",,,,"Unknown",
"gene deletion: full; gene complementation","SG200deltapit2 (deletion construct containing hygromycin resistance marker)",,"deletion",,,,"Unknown",
"gene deletion; gene complementation","SG200deltapit2-pit2",,"deletion",,,,"Unknown",
"gene deletion: full","SM6△hilA::cat (The Cm fragment of pKD3 replace the SM6 hilA gene)",,"deletion",,,,"Unknown",
"gene deletion: full; gene complementation","TIGR4luxdeltaarcA",,"deletion",,,,"Unknown",
"gene deletion: full; gene complementation","TIGR4luxdeltaarcB",,"deletion",,,,"Unknown",
"gene deletion: full; gene complementation","TIGR4luxdeltaarcC",,"deletion",,,,"Unknown",
"gene deletion: full; gene complementation","TIGR4luxdeltaarcD",,"deletion",,,,"Unknown",
"gene deletion: full; gene complementation","TIGR4luxdeltaarcT",,"deletion",,,,"Unknown",
"gene deletion: full; gene complementation","USA300 DbrnQ1",,"deletion",,,,"Unknown",
"gene deletion: full; gene complementation","USA300 DbrnQ1 bcaP::UNR; EmR",,"deletion",,,,"Unknown",
"gene deletion: full; gene complementation","USA300 bcaP::UNR; EmR (SAUSA300_2538)",,"deletion",,,,"Unknown",
"gene deletion: full","YORdeltafhbA",,"deletion",,,,"Unknown",
"gene deletion: full","chromosome VIIa",,"deletion",,,,"Unknown",
"gene deletion: full","chromosome XI",,"deletion",,,,"Unknown",
"gene deletion: full; gene complementation","deletion mutant",,"deletion",,,,"Unknown",
"gene deletion: full; gene complementation","deletion of entire rad23 gene (rad23Δ)",,"deletion",,,,"Unknown",
"gene deletion: full","deletion of extended ESX-6 locus",,"deletion",,,,"Unknown",
"gene deletion: full; gene complementation","deltaBMEI1329::Km",,"deletion",,,,"Unknown",
"gene deletion: full; gene complementation","deltaYAL023c::kanMX4",,"deletion",,,,"Unknown",
"gene deletion: full","deltaabh",,"deletion",,,,"Unknown",
"gene deletion: full","deltaduf1",,"deletion",,,,"Unknown",
"gene deletion: full","deltamcf",,"deletion",,,,"Unknown",
"gene deletion: full; gene complementation","deltamgtC+attB::mgtC",,"deletion",,,,"Unknown",
"gene deletion: full; gene complementation","deltanasA::Gm (deletion construct containing the gentamicin (Gm) resistance cassette)",,"deletion",,,,"Unknown",
"gene deletion: full","deltarid",,"deletion",,,,"Unknown",
"gene deletion: full","deltarrsp",,"deletion",,,,"Unknown",
"gene deletion: full","deltartxA1",,"deletion",,,,"Unknown",
"gene deletion: full; gene complementation","hph(B):sho1:pGemT; phleo(B):sho1:pGemT (replacement with Hygromycin or phleomycin)",,"deletion",,,,"Unknown",
"gene deletion: full","mutant LYT1 null derivative L16 clone",,"deletion",,,,"Unknown",
"gene deletion: full","mutant lacking bbf19-22",,"deletion",,,,"Unknown",
"gene deletion: full; gene complementation","mutation in F-BAR domain (Δarf-bar/ArF-BARmut1); C1 domain (Δarf-bar/ArF-BARmut2)",,"deletion",,,,"Unknown",
"gene deletion: full; gene complementation","nfu::tet; nfu::kan (strains were created by digesting the corresponding pJB38 plasmid with MluI and NheI and inserting the kan or tet genes between the up- and down-stream regions prior to mutant construction)",,"deletion",,,,"Unknown",
"gene deletion: full; gene complementation","pEX18Ap::bfmSUD (1.8 kb gentamicin resistance cassette was cut from pPS858 with XbaI and then cloned into pEX18Ap::bfmSUD, yielding pEX18Ap::bfmSUGD)",,"deletion",,,,"Unknown",
"gene deletion: full; gene complementation","pSET4s::hylB (pSET4S vector digested with the same restriction enzymes to generate thehylBknockout vector, pSET4S::hylB)",,"deletion",,,,"Unknown",
"gene deletion: full; gene complementation","rovM gene (y1629) replaced by kanamycingene cassette",,"deletion",,,,"Unknown",
"gene deletion: full; gene complementation","st_YfdX(YI) - two hydrophobic residues (Tyr100 and Ile137) were mutated to alanine",,"deletion",,,,"Unknown",
"gene deletion: full; gene complementation","tssM gene with the apramycin resistance cassette",,"deletion",,,,"Unknown",
"gene deletion: full","unable to make TcGALE-/- null mutant (gene is essential)",,"deletion",,,,"Unknown",
"altered gene expression / gene regulation: overexpression","ΔgacA anmK+",,"deletion",,,"Overexpression","Unknown",
"gene deletion: full","ΔgacA anmK+",,"deletion",,,,"Unknown",
"gene deletion: full","Δspd1837 C8S",,"deletion",,,,"Unknown",
"gene disruption",,,"disruption",,"unknown mutation","Not assayed","Unknown",
"gene disruption; altered gene expression / gene regulation: overexpression",,,"disruption",,"unknown mutation","Overexpression","Unknown",
"gene disruption; complementation; other evidence",,,"disruption",,"unknown mutation","Not assayed","Unknown",
"gene disruption; gene complementation",,,"disruption",,"unknown mutation","Not assayed","Unknown",
"gene disruption; gene deletion",,,"disruption",,"unknown mutation","Not assayed","Unknown",
"gene disruption; gene deletion; gene complementation",,,"disruption",,"unknown mutation","Not assayed","Unknown",
"gene disruption; gene mutation: characterised",,,"disruption",,"unknown mutation","Not assayed","Unknown",
"other evidence: host gene disruption",,,"disruption",,"unknown mutation","Not assayed","Unknown",
"other evidence: host gene disruption; host gene complementation",,,"disruption",,"unknown mutation","Not assayed","Unknown",
"gene disruption; gene complementation","5’GPx::HY/g or h/YG::3’GPx",,"disruption","5’GPx::HY/g | h/YG::3’GPx",,"Not assayed","Unknown",
"gene disruption; gene complementation","81-176/cmeB::kan r",,"disruption","81-176/cmeB::kan r",,"Not assayed","Unknown",
"gene mutation: characterised; gene complementation","CG43SDpgaC::Tcr",,"disruption","CG43SDpgaC::Tcr",,"Not assayed","Unknown",
"gene disruption; gene complementation","E058deltaiucD",,"disruption",,"unknown mutation","Not assayed","Unknown",
"gene disruption; gene complementation","E058deltaiucDdeltaiutA",,"disruption",,"unknown mutation","Not assayed","Unknown",
"gene disruption; gene complementation","E058deltarstA::cat ( The catcassette was inserted into the rstA gene at the EcoRV site to form pMD-rstA-cat)",,"disruption","E058deltarstA::cat",,"Not assayed","Unknown",
"gene disruption; gene complementation","G217B ura5delta cbp1::T-DNA (mutant 172-C5)",,"disruption",,"unknown","Not assayed","Unknown",
"gene disruption; gene complementation","KC589pga7D::hisG/pga7D::hisG",,"disruption","KC589pga7D::hisG/pga7D::hisG",,"Not assayed","Unknown",
"gene mutation","KP273; KPPR1 tonB::kan",,"disruption","tonB::kan","KP273 KPPR1","Not assayed","Unknown",
"gene mutation","KP281; VK089 tonB::kan",,"disruption","tonB::kan","KP281 VK089","Not assayed","Unknown",
"gene mutation","M5ggt::aph",,"disruption","M5ggt::aph",,"Not assayed","Unknown",
"gene mutation; gene complementation","MAV_4644:Tn",,"disruption","MAV_4644::Tn",,"Not assayed","Unknown",
"gene mutation; gene complementation","Mab_3083c::Tn Mutant",,"disruption","Mab_3083c::Tn",,"Not assayed","Unknown",
"other evidence: yeast split-ubiquitin two-hybrid system","Nub::PopP2 (yeast split-ubiquitin two-hybrid system)",,"disruption","Nub::PopP2",,"Not assayed","Yeast 2-hybrid evidence",
"gene mutation","PD1792::Tn903 kan-2",,"disruption","PD1792::Tn903 kan-2",,"Not assayed","Unknown",
"gene disruption","SUB6::hph",,"disruption","SUB6::hph",,"Not assayed","Unknown",
"gene mutation","Tn5::gacA",,"disruption","Tn5::gacA",,"Not assayed","Unknown",
"gene mutation","Tn:mas",,"disruption","Tn::mas",,"Not assayed","Unknown",
"gene mutation","Tn:pks2",,"disruption","Tn::pks2",,"Not assayed","Unknown",
"gene mutation","Tn:ppsA",,"disruption","Tn::ppsA",,"Not assayed","Unknown",
"gene disruption; gene complementation","Wild typederivative; rpoEknockout mutant; Kmr",,"disruption",,"unknown","Not assayed","Unknown",
"gene mutation","abaI::T26",,"disruption","abaI::T26",,"Not assayed","Unknown",
"gene mutation; gene complementation","abaM::T26",,"disruption","abaM::T26",,"Not assayed","Unknown",
"gene mutation; gene complementation","cbu0513::Tn",,"disruption","cbu0513::Tn",,"Not assayed","Unknown",
"gene mutation; gene complementation","cbu0978::Tn",,"disruption","cbu0978::Tn",,"Not assayed","Unknown",
"gene mutation; gene complementation","cbu1387::Tn",,"disruption","cbu1387::Tn",,"Not assayed","Unknown",
"gene mutation; gene complementation","cbu1524::Tn",,"disruption","cbu1524::Tn",,"Not assayed","Unknown",
"gene mutation; gene complementation","cbu1752::Tn",,"disruption","cbu1752::Tn",,"Not assayed","Unknown",
"gene mutation; gene complementation","cbu2028::Tn",,"disruption","cbu2028::Tn",,"Not assayed","Unknown",
"gene mutation; gene complementation","cirA::Tn",,"disruption","cirA::Tn",,"Not assayed","Unknown",
"gene disruption; gene complementation","cj0371::cmr",,"disruption","cj0371::cmr",,"Not assayed","Unknown",
"gene mutation","copA::T26",,"disruption","copA::T26",,"Not assayed","Unknown",
"gene mutation; gene complementation","cpp1delta/cpp1delta::URA3",,"disruption","cpp1delta/cpp1delta::URA3",,"Not assayed","Unknown",
"gene mutation; gene complementation","cpsA::Tn",,"disruption","cpsA::Tn",,"Not assayed","Unknown",
"gene mutation","csrA::Tn5 (carboxy-terminal insertion mutant)",,"disruption","csrA::Tn5",,"Not assayed","Unknown",
"gene mutation","deltaRhlI::Tn501",,"disruption","deltaRhlI::Tn501",,"Not assayed","Unknown",
"gene mutation","deltaRhlR::Tn501",,"disruption","deltaRhlR::Tn501",,"Not assayed","Unknown",
"gene deletion: full; gene complementation","deltaclbA::kan",,"disruption","deltaclbA::kan",,,"Unknown",
"gene deletion: full; gene complementation","deltaclbP::kan",,"disruption","deltaclbP::kan",,,"Unknown",
"gene mutation; gene complementation","deltaisaB::erm",,"disruption","deltaisaB::erm",,"Not assayed","Unknown",
"gene disruption; gene complementation","deltamads1::HPH; deltamads1::GEN",,"disruption","deltamads1::HPH | deltamads1::GEN",,"Not assayed","Unknown",
"gene disruption; gene complementation","deltamads2::HPH; deltamads2::GEN",,"disruption","deltamads2::HPH | deltamads2::GEN",,"Not assayed","Unknown",
"gene disruption; gene complementation","deltambtE::hyg",,"disruption","deltambtE::hyg",,"Not assayed","Unknown",
"gene disruption; gene complementation","deltassp::ermB (ssp gene is interrupted by an ermB resistance gene)",,"disruption","deltassp::ermB",,"Not assayed","Unknown",
"gene mutation; gene complementation","hp1118::kan (ΔgGT)",,"disruption","hp1118::kan","ΔgGT","Not assayed","Unknown",
"gene disruption; gene complementation","kdsD::ltrBL1",,"disruption","kdsD::ltrBL1",,"Not assayed","Unknown",
"gene mutation","lasB::Tn5",,"disruption","lasB::Tn5",,"Not assayed","Unknown",
"gene mutation; gene complementation","legC4::Tn",,"disruption","legC4::Tn",,"Not assayed","Unknown",
"gene mutation; gene complementation","lpg0086::Tn",,"disruption","lpg0086::Tn",,"Not assayed","Unknown",
"gene mutation; gene complementation","lpg2505::Tn",,"disruption","lpg2505::Tn",,"Not assayed","Unknown",
"gene mutation","marP::Tn",,"disruption","marP::Tn",,"Not assayed","Unknown",
"gene mutation","mntE::Tn ΔmntR",,"disruption","mntE::Tn ΔmntR",,"Not assayed","Unknown",
"gene disruption; gene complementation","nos::erm",,"disruption","nos::erm",,"Not assayed","Unknown",
"gene disruption","nps1delta:::hygB; nps2delta:::nptII; nps6delta:::BDS",,"disruption","nps1delta:::hygB | nps2delta:::nptII | nps6delta:::BDS",,"Not assayed","Unknown",
"gene disruption; gene complementation","opi1::CaNAT1-FLP",,"disruption","opi1::CaNAT1-FLP",,"Not assayed","Unknown",
"gene mutation","outC::uidA-Km",,"disruption","outC::uidA-Km",,"Not assayed","Unknown",
"gene mutation: characterised; gene complementation","pCL::ccpE",,"disruption","pCL::ccpE",,"Not assayed","Unknown",
"gene disruption; gene complementation","pCX62-MoTUP1-U-D",,"disruption",,"unknown mutation","Not assayed","Unknown",
"gene disruption; gene complementation","pGEM-T-K.O bifAPsv- Km (pGEM-T derivate, containing 1.2 kb approx. on each side of the bifA gene from NCPPB 3335 interrupted by the kanamycin resistance gen nptII (ApR, KmR))",,"disruption",,"unknown mutation","Not assayed","Unknown",
"gene disruption; gene complementation","pGEMrpoS::Ω-Km",,"disruption","pGEMrpoS::omega-Km",,"Not assayed","Unknown",
"gene mutation: characterised; gene complementation","pPg6L3::Tn5-1 (Tn5 insertional mutagenesis cosmid clone",,"disruption","pPg6L3::Tn5-1",,"Not assayed","Unknown",
"gene mutation; gene complementation","pSET4S:sagD",,"disruption","pSET4S:sagD",,"Not assayed","Unknown",
"gene deletion: full","pSET4s::spxA1",,"disruption","pSET4s::spxA1",,,"Unknown",
"gene mutation; gene complementation","pWSK29::dksA (Ampr)",,"disruption","pWSK29::dksA",,"Not assayed","Unknown",
"gene deletion: full; gene complementation","pdcA::catP",,"disruption","pdcA::catP",,"Not assayed","Unknown",
"gene deletion: full; gene complementation","prgH::kan",,"disruption","prgH::kan",,,"Unknown",
"gene mutation","pthA4:Tn5",,"disruption","pthA4::Tn5",,"Not assayed","Unknown",
"gene mutation","ptpA::Tn",,"disruption","ptpA::Tn",,"Not assayed","Unknown",
"gene mutation; gene complementation","ravY::Tn",,"disruption","ravY::Tn",,"Not assayed","Unknown",
"gene mutation; gene complementation","rfbX::Tn5 mutant",,"disruption","rfbX::Tn5",,"Not assayed","Unknown",
"gene mutation; gene complementation","rpoN1::Gmr",,"disruption","rpoN1::Gmr",,"Not assayed","Unknown",
"gene mutation; gene complementation","rpoN2::Gmr",,"disruption","rpoN2::Gmr",,"Not assayed","Unknown",
"gene mutation","sat::cat",,"disruption","sat::cat",,"Not assayed","Unknown",
"gene mutation; gene complementation","sdhA::Tn5",,"disruption","sdhA::Tn5",,"Not assayed","Unknown",
"gene mutation","spxA1::Tn deltaspxA2",,"disruption","spxA1::Tn deltaspxA2",,"Not assayed","Unknown",
"gene deletion: full; gene complementation","ssaK::kan",,"disruption","ssaK::kan",,,"Unknown",
"promoter mutation","tetOFF:trxR promoter replacement",,"disruption","tetOFF::trxR",,"Not assayed","Unknown",
"gene disruption","the region of the pfpmv gene encoding Asp133 to Thr590 was replaced with two loxP-containing P. falciparum SERA2 introns flanking a recodonised pfpmv gene",,"disruption",,,"Not assayed","Unknown",
"gene disruption","tre1::Hph",,"disruption","tre1::Hph",,"Not assayed","Unknown",
"gene mutation","ΔlucA::hyg",,"disruption","deltalucA::hyg",,"Not assayed","Unknown",
"gene mutation; gene complementation","ΔpspA::Kan (kanr)",,"disruption","ΔpspA::Kan","kanr","Not assayed","Unknown",
"gene mutation; gene complementation","ΔpspABCD::Cm (Cmr)",,"disruption","ΔpspABCD::Cm","Cmr","Not assayed","Unknown",
"gene mutation; gene complementation","ΔpspB::Kan+pINS06 (kanr, ampr)",,"disruption","ΔpspB::Kan+pINS06","kanr, ampr","Not assayed","Unknown",
"gene mutation; gene complementation","ΔpspC::Kan (kanr)",,"disruption","ΔpspC::Kan","kanr","Not assayed","Unknown",
"gene mutation; gene complementation","ΔpspD::Kan (kanr)",,"disruption","ΔpspD::Kan","kanr","Not assayed","Unknown",
"gene mutation; gene complementation","ΔpspG::Kan (kanr)",,"disruption","ΔpspG::Kan","kanr","Not assayed","Unknown",
"gene deletion: full; gene complementation","ΔsopF::kan",,"disruption","ΔsopF::kan",,"Not assayed","Unknown",
"gene mutation","single base (G) insertion",,"nucleotide insertion",,,"Not assayed","Unknown",
"gene mutation","nonsynonymous base substitution (C to A)",,"nucleotide substitution(s)",,,"Not assayed","Unknown",
"gene mutation","single G-to-T nucleotide transversion in the 59-untranslated region (59-UTR) of the rplN",,"nucleotide substitution(s)",,"T59G","Not assayed","Unknown",
"altered gene expression / gene regulation",,,"other",,"promoter or regulator mutation","Not assayed","Unknown",
"altered gene expression / gene regulation: constitutive expression",,,"other",,"promoter or regulator mutation","Not assayed","Unknown",
"altered gene expression / gene regulation: downregulation",,,"other",,"promoter or regulator mutation","Knockdown","Unknown",
"altered gene expression / gene regulation: overexpression; gene complementation",,,"other",,"promoter or regulator mutation","Overexpression","Unknown",
"altered gene expression / gene regulation: overexpression; other evidence: transgenic",,,"other",,"promoter or regulator mutation","Overexpression","Unknown",
"altered gene expression / gene regulation: overexpression; other evidence: transgenic plants",,,"other",,"promoter or regulator mutation","Overexpression","Unknown",
"altered gene expression / gene regulation: silencing; other evidence: overexpression",,,"other",,"promoter or regulator mutation","?","Unknown",
"altered gene expression / gene regulation; chemical complementation",,,"other",,"promoter or regulator mutation","Not assayed","Unknown",
"altered gene expression / gene regulation; other evidence: transgenic plants",,,"other",,"promoter or regulator mutation","Not assayed","Unknown",
"gene deletion; altered gene expression / gene regulation: overexpression",,,"other",,"promoter or regulator mutation","Overexpression","Unknown",
"gene mutation; altered gene expression / gene regulation: overexpression",,,"other",,"promoter or regulator mutation","Overexpression","Unknown",
"heterologous expression; altered gene expression / gene regulation: overexpression",,,"other",,"promoter or regulator mutation","Overexpression","Unknown",
"promoter mutation",,,"other",,"promoter mutation","Not assayed","Unknown",
"promotor mutation; gene complementation",,,"other",,"promoter mutation","Not assayed","Unknown",
"gene mutation; gene complementation","(Δami1::ami1E200A)",,"other",,,"Not assayed","Unknown",
"gene mutation","11168porA3902-TporA and 11168porA3902",,"other",,,"Not assayed","Unknown",
"gene mutation; heterologous expression","191A/C mutation (codon 64, Asp to Ala)",,"other",,"191A/C mutation (codon 64, Asp to Ala)","Not assayed","Unknown",
"gene mutation","1:1 mix of WT strain XccB186 and XccB186(delta)avrAC deletion strain",,"other",,,"Not assayed","Unknown",
"gene mutation; gene complementation","35000HPdeltarelA",,"other",,,"Not assayed","Unknown",
"gene mutation; gene complementation","35000HPdeltarelAdeltaspoT",,"other",,,"Not assayed","Unknown",
"gene mutation; gene complementation","923 ccpE::lox66-aphAIII-lox71, Oxar, Kanr",,"other",,,"Not assayed","Unknown",
"gene mutation","AB5ΔcagE:ctkA",,"other",,"AB5ΔcagE:ctkA","Not assayed","Unknown",
"gene mutation","AB5ΔvirB9ΔcagE:ctkA",,"other",,"AB5ΔvirB9ΔcagE:ctkA","Not assayed","Unknown",
"gene mutation; gene complementation","AH1263deltahysA",,"other",,,"Not assayed","Unknown",
"promoter mutation","AauR-binding motif",,"other",,,"Not assayed","Unknown",
"gene mutation; gene complementation","Ala407Thr",,"other",,"Ala407Thr","Not assayed","Unknown",
"gene mutation","AvrBs1 1-111;P48-R51A::AvrBs3Δ2",,"other",,,"Not assayed","Unknown",
"gene mutation","AvrBsT C222A;P57K60A::AvrBs3Δ2",,"other",,,"Not assayed","Unknown",
"gene mutation","C331/C334",,"other",,,"Not assayed","Unknown",
"gene mutation","C44/C173",,"other",,,"Not assayed","Unknown",
"gene mutation: characterised; gene complementation","Caarv1C3S; Caarv1C28S",,"other",,"Caarv1C3S; Caarv1C28S","Not assayed","Unknown",
"gene mutation","CarD127F; CarD127W",,"other",,"CarD127F; CarD127W","Not assayed","Unknown",
"gene mutation","Ceg4D9A; Ceg4[1-207]; Ceg4[208-397]",,"other",,,"Not assayed","Unknown",
"gene deletion: full; gene complementation","CrzA with 20 phosphorylation sites mutated generated with glutamate substitutions in place of serine/threonine residues at multiple cluster combinations",,"other",,,"Not assayed","Unknown",
"gene mutation; gene complementation","CrzA with 20 phosphorylation sites mutated generated with glutamate substitutions in place of serine/threonine residues at multiple cluster combinations",,"other",,,"Not assayed","Unknown",
"gene mutation","EGDe-prfAM7 PrfA*(G145S)",,"other",,"EGDe-prfAM7 PrfA*(G145S)","Not assayed","Unknown",
"altered gene expression / gene regulation","ERG3 ORF with 1000 nucleotides (strain lnprERG3) of 5' UTR and 303 nt of 3' UTR",,"other",,,"Not assayed","Unknown",
"altered gene expression / gene regulation","ERG3 ORF with 582 nucleotides (strain shprERG3) of 5' UTR and 303 nt of 3' UTR",,"other",,,"Not assayed","Unknown",
"gene mutation; gene complementation","EZ-Tn5 inserted in wxcX gene",,"other",,,"Not assayed","Unknown",
"gene mutation; gene complementation","EZ::TN<R6K>ori/KAN-2>",,"other",,,"Not assayed","Unknown",
"gene mutation","GtgA 20 -228 E183Q",,"other",,,"Not assayed","Unknown",
"functional test in host: transient expression","HopZ1 C/A carrying a cysteine to alanine substitution",,"other",,,"Not assayed","Unknown",
"gene mutation","K231bmK",,"other",,,"Not assayed","Unknown",
"gene mutation","K231bmK; K527bmK; K533bmK",,"other",,,"Not assayed","Unknown",
"gene mutation","K57bmK; K90bmK; K231bmK; K324bmK; K456bmK; K527bmK; K533bmK",,"other",,,"Not assayed","Unknown",
"gene mutation","K57bmK; K90bmK; K324bmK; K456bmK",,"other",,,"Not assayed","Unknown",
"gene mutation","K90bmK",,"other",,,"Not assayed","Unknown",
"gene mutation; gene complementation","Kmr, relA andspoT-::Kan, DC3000 derivative",,"other",,,"Not assayed","Unknown",
"gene mutation","Kmr, relA, spoT andfpRel-::Kan, DC3000 derivative",,"other",,,"Not assayed","Unknown",
"gene mutation; gene complementation","Kmr, relA, spoT andfpRel-::Kan, DC3000 derivative",,"other",,,"Not assayed","Unknown",
"gene mutation; gene complementation","Kmr, relA-::Kan, DC3000 derivative",,"other",,,"Not assayed","Unknown",
"gene mutation; gene complementation","L2P-25667R transformed with pGFP::SW2 with a functional deletion in plasmid CDS5 which encodes the putative virulence effector pgp3",,"other",,,"Not assayed","Unknown",
"gene mutation","LiaSR135G",,"other",,"LiaSR135G","Not assayed","Unknown",
"gene mutation","LukE S-loop4",,"other",,"S-loop4","Not assayed","Unknown",
"gene mutation","M1ΔB1ΔB2",,"other",,"M1ΔB1ΔB2","Not assayed","Unknown",
"gene mutation","M7-prfAEGDe",,"other",,"M7-prfAEGDe","Not assayed","Unknown",
"gene mutation","MB6-4CS",,"other",,"MB6-4CS","Not assayed","Unknown",
"gene mutation; gene complementation","MaSho1 ΔSH3",,"other",,,"Not assayed","Unknown",
"gene mutation","MoPdeHEAL(AAA) or MoPdeHdeltaHD",,"other",,"MoPdeHEAL(AAA) | MoPdeHdeltaHD","Not assayed","Unknown",
"gene mutation","MoPdeHdeltaHD+L1L2 or MoPdeHdeltaHD+L1 or MoPdeHdeltaHD+L2",,"other",,"MoPdeHdeltaHD+L1L2 | MoPdeHdeltaHD+L1 | MoPdeHdeltaHD+L2","Not assayed","Unknown",
"gene mutation","MoPmt4ΔMIR-GFP",,"other",,,"Not assayed","Unknown",
"gene mutation","MoPmt4ΔPMT-GFP",,"other",,,"Not assayed","Unknown",
"gene mutation","MoRgs7ΔTM (seven-transmembrane domain)",,"other",,"MoRgs7ΔTM","Not assayed","Unknown",
"gene mutation","Mutational inhibition of the RNAT in the 5’ UTR of tviA",,"other",,,"Not assayed","Unknown",
"gene mutation; gene complementation","NleBE253A, NleBY219A",,"other",,"NleBE253A, NleBY219A","Not assayed","Unknown",
"gene mutation","PA14/MrT7::PA14_23360-113 Gmr (MAR2xT7 transposon is inserted at nucleotide 113)",,"other",,,"Not assayed","Unknown",
"gene mutation; gene complementation","PA14/MrT7::PA14_23430-480 Gmr (MAR2xT7 transposon is inserted at nucleotide 480)",,"other",,,"Not assayed","Unknown",
"gene mutation","PA14/MrT7::PA14_66100-136 Gmr (MAR2xT7 transposon is inserted at nucleotide 136)",,"other",,,"Not assayed","Unknown",
"gene mutation; gene complementation","PAO1 STM_modA::miniTn5-Km2 mutant inactivating modA(PA1863), KmR",,"other",,,"Not assayed","Unknown",
"gene mutation; gene complementation","PPD130/91, in-frame deletion of esaN; deltaesaN",,"other",,,"Not assayed","Unknown",
"gene mutation; gene complementation","PPD130/91, in-frame deletion of fliC; deltafliC",,"other",,,"Not assayed","Unknown",
"promoter mutation","PTETO-DFR1",,"other",,"PTETO-DFR1","Not assayed","Unknown",
"altered gene expression / gene regulation; other evidence: transgenic plants","PevD1-ΔSP",,"other",,"promoter or regulator mutation","Not assayed","Unknown",
"gene mutation","Premature stop codon (PMSC) mutation in inlA",,"other",,,"Not assayed","Unknown",
"gene mutation","RB50 derivative, ptxA-ptlH::Cmr",,"other",,,"Not assayed","Unknown",
"gene mutation","Rab11A-DN (strain that over-expresses in a rapidly inducible manner an inactive GDP locked version of Rab11A)",,"other",,,"Not assayed","Unknown",
"gene mutation","Rv0078 W100R",,"other",,,"Not assayed","Unknown",
"functional test in host: transient expression; gene mutation","RxL21ΔEAR",,"other",,"RxL21ΔEAR","Not assayed","Unknown",
"gene mutation; gene complementation","SH1000:msrA SH1000 with mutation in themsrA1, msrA2andmsrA3genes (KanR,TetR, ErmR)",,"other",,,"Not assayed","Unknown",
"gene mutation; gene complementation","SH1000:msrA1 SH1000 with mutation in themsrA1gene (KanR)",,"other",,,"Not assayed","Unknown",
"gene mutation; gene complementation","SH1000:msrA2 SH1000 with mutation in themsrA2gene (TetR)",,"other",,,"Not assayed","Unknown",
"gene mutation; gene complementation","SH1000:msrA3 SH1000 with mutation in themsrA3gene (ErmR)",,"other",,,"Not assayed","Unknown",
"gene mutation; gene complementation","SH1000:msrAB SH1000 with mutation in themsrA1, msrA2, msrA3, and msrBgenes (KanR, TetR, ErmR)",,"other",,,"Not assayed","Unknown",
"gene mutation; gene complementation","SH1000:msrB SH1000 with mutation in themsrBgene (KanR)",,"other",,,"Not assayed","Unknown",
"gene mutation","SpoT protein that lacks the C-terminal regulatory elements",,"other",,,"Not assayed","Unknown",
"gene mutation","T-DNA insertion mutant",,"other",,,"Not assayed","Unknown",
"gene mutation","TcdBCSPG4− (CSPG4-binding deﬁcient TcdB variant)",,"other",,,"Not assayed","Unknown",
"gene mutation","TcdBFZD− (FZD-binding deﬁcient TcdB variant)",,"other",,,"Not assayed","Unknown",
"gene mutation","ToxRΔPPD (periplasmic domain)",,"other",,,"Not assayed","Unknown",
"gene mutation; gene complementation","USA300ΔsaeR-D46A",,"other",,,"Not assayed","Unknown",
"gene mutation; gene complementation","USA300ΔsaeR-D51A",,"other",,,"Not assayed","Unknown",
"gene mutation; gene complementation","USA300ΔsaeR-D61A",,"other",,,"Not assayed","Unknown",
"gene mutation","UW551-TnR1 (transposon inserted in an intergenic region between a type III secretion system effector gene ripS1 and a major facilitator superfamily (MFS) protein gene)",,"other",,,"Not assayed","Unknown",
"functional test in host: transient expression","Wild typederivative; rpoEknockout mutant; Kmr","DEX-inducible promoter (i.e. DEX:His:YFP:avrE)","other",,,"Not assayed","Unknown",
"gene mutation","Xcc XAC3052:Tn5",,"other",,,"Not assayed","Unknown",
"gene mutation","XopB R/A",,"other",,,"Not assayed","Unknown",
"gene mutation","XopBΔ2-99",,"other",,,"Not assayed","Unknown",
"gene mutation; gene complementation","all KR sites mutated to KA (ALL KA)",,"other",,"all KR to KA","Not assayed","Unknown",
"gene mutation","capΔACB",,"other",,"capΔACB","Not assayed","Unknown",
"gene mutation","capΔCARP",,"other",,"capΔCARP","Not assayed","Unknown",
"gene mutation","capΔP1",,"other",,"capΔP1","Not assayed","Unknown",
"gene mutation","capΔP2",,"other",,"capΔP2","Not assayed","Unknown",
"other evidence: heterologous gene expression","chimeric TTSS:PpHLP",,"other",,,"Not assayed","Unknown",
"promoter mutation","cofilin teton",,"other",,"promoter mutation","Not assayed","Unknown",
"gene mutation","constitutively active prfA* containing a G145S mutation",,"other",,,"Not assayed","Unknown",
"gene mutation; gene complementation","contains a 1-bp insertion in rocA",,"other",,,"Not assayed","Unknown",
"gene mutation","contains stop codons early in the rho coding sequence: E113-St",,"other",,,"Not assayed","Unknown",
"gene mutation","contains stop codons early in the rho coding sequence: N66-FS (stop codon at position 73)",,"other",,,"Not assayed","Unknown",
"promoter mutation","coﬁlin teton/coﬁlinS5E",,"other",,"promoter mutation","Not assayed","Unknown",
"gene mutation","crbSΔSTAC",,"other",,,"Not assayed","Unknown",
"promoter mutation","deletion of 20-bp region of hrpRS promoter containing AauR-binding motif",,"other",,,"Not assayed","Unknown",
"gene mutation; gene complementation","deltaibeR (ibeR mutant in DE205B)",,"other",,,"Not assayed","Unknown",
"gene mutation","deltamac1 sum1-99",,"other",,"deltamac1 sum1-99","Not assayed","Unknown",
"gene mutation; gene complementation","ece1Δ/Δ+ECE1; ece1Δ/Δ+ECE1Δ184-279",,"other",,"ece1Δ/Δ+ECE1; ece1Δ/Δ+ECE1Δ184-279","Not assayed","Unknown",
"gene mutation; gene complementation","excision of entire transporter domain coding sequence, including codons for amino acids 4 to 504",,"other",,,"Not assayed","Unknown",
"gene mutation","fljB C1362G",,"other",,"fljB C1362G","Not assayed","Unknown",
"gene mutation","hrpA in-frame deletion mutant of Psn23",,"other",,,"Not assayed","Unknown",
"gene mutation","iaaL in-frame deletion mutant of Psn23",,"other",,,"Not assayed","Unknown",
"gene mutation","iaaM in-frame deletion mutant of Psn23",,"other",,,"Not assayed","Unknown",
"altered gene expression / gene regulation: downregulation","insertion of ATc-regulatable promoter (pSAG1-TetO7) along with the pyrimethamine selection marker (dihydrofolate reductase [DHFR]) immediately upstream of the coding sequence of PYK1",,"other",,,"Knockdown","Unknown",
"gene mutation","lacking a conserved 22-amino-acid nonproline block (NPB)",,"other",,,"Not assayed","Unknown",
"other evidence: transgenic plants; gene mutation","lysine-free (LF-AvrPiz-t) mutant",,"other",,,"Not assayed","Unknown",
"altered gene expression / gene regulation: overexpression","malS-5′UTR",,"other",,,"Overexpression","Unknown",
"gene deletion: full","mazF::Tn/ΔicaADBC",,"other",,,"Not assayed","Unknown",
"gene mutation; gene complementation","mazF::Tn/ΔicaADBC",,"other",,,"Not assayed","Unknown",
"promoter mutation","metH_tetOFF",,"other",,"promoter mutation metH_tetOFF","Not assayed","Unknown",
"gene mutation","mgtA Pro 550,551 Ala",,"other",,"mgtA Pro 550,551 Ala","Not assayed","Unknown",
"gene mutation; gene complementation","mutant expressing DUF3683 domain",,"other",,,"Not assayed","Unknown",
"gene mutation; gene complementation","mutant expressing LDH domain",,"other",,,"Not assayed","Unknown",
"gene mutation; gene complementation","mutant expressing SDH domain",,"other",,,"Not assayed","Unknown",
"gene deletion: partial","mutant expressing a truncated protein of 991 amino acids",,"other",,"truncated to 991 amino acids","Not assayed","Unknown",
"gene deletion: partial; gene complementation","mutant lacking the sequence encoding the C-terminal 157-amino acid region containing the GRX domain",,"other",,,"Not assayed","Unknown",
"altered gene expression / gene regulation: overexpression","mutation of the conserved residues (MBcCrh1:E120Q/D122H/E124Q) at the putative catalytic site",,"other",,,"Overexpression","Unknown",
"gene mutation; altered gene expression / gene regulation: overexpression","mutation of the conserved residues (MBcCrh1:E120Q/D122H/E124Q) at the putative catalytic site and C26A, C33A",,"other",,"promoter or regulator mutation","Overexpression","Unknown",
"gene mutation","mutation that interferes with the binding of PyrR to the pyr mRNA",,"other",,,"Not assayed","Unknown",
"gene mutation","mutation that locks the terminator and creates an “always off” state",,"other",,,"Not assayed","Unknown",
"gene mutation","mutation that renders the regulatory element in an “always on” state by destabilizing the rho-independent terminator stem-loop structure that is formed in the presence of UMP",,"other",,,"Not assayed","Unknown",
"gene mutation","mutations in the putative CrbS Na+ binding site (S337A/T338V)",,"other",,,"Not assayed","Unknown",
"gene mutation","non-proteolytic form (point replacement mutation of the catalytic serine residue) htrAS255A",,"other",,,"Not assayed","Unknown",
"gene mutation: characterised","oligomerization deficient and ATPase inactive Spa47 Δ1–79 N-terminal truncation mutant",,"other",,,"Not assayed","Unknown",
"promoter mutation","pNiiA-pmt2 (conditional mutant by replacing the native pmt2 promoter with the niiA promoter)",,"other",,"pmt2 promoter replaced with niiA","Not assayed","Unknown",
"gene mutation","phoN::viaB fepE",,"other",,,"Not assayed","Unknown",
"gene mutation","premature stop codon (PMSC) mutation",,"other",,,"Not assayed","Unknown",
"gene mutation; gene complementation","psmalpha pTxdelta -psmalpha",,"other",,,"Not assayed","Unknown",
"gene mutation; gene complementation","pthXo1 derivatives with the conserved five amino acid residues of NLS2 substituted by alanine individually",,"other",,,"Not assayed","Unknown",
"promoter mutation","rpdA promoter exchanged by the xylP promoter",,"other",,"rpdA promoter replaced with xylP","Not assayed","Unknown",
"gene mutation; gene complementation","selXR141A",,"other",,"selXR141A","Not assayed","Unknown",
"gene mutation","single Walker A motif double mutants of NBD-1 (K212A, designated WA1) and NBD-2 (K613A–WA2); Walker B motif double mutants of NBD-1 (E279A–WB1) and NBD-2 (E680A–WB2); Arginine finger double mutants of NBD-1 (R332A–Arg1) and NBD-2 (R757A–Arg2)",,"other",,,"Not assayed","Unknown",
"gene mutation; altered gene expression / gene regulation: overexpression","srrB C501A overexpression",,"other",,,"Overexpression","Unknown",
"gene mutation","ssrADsc",,"other",,,"Not assayed","Unknown",
"gene mutation; gene complementation","ura3::imm434::URA3/ura3::imm434iro1::IRO1/iro1::imm434his1::hisG/his1::hisGleu2/leu2 arg4/arg4 gcn5::PLP/gcn5::PHP",,"other",,,"Not assayed","Unknown",
"gene mutation","yopN GAGA mutant, where the putative CCD motif is disrupted encompassing aa 80–86",,"other",,,"Not assayed","Unknown",
"heterologous expression; altered gene expression / gene regulation: overexpression","ΔCyp1+ overexpressing PbCYP3",,"other",,"ΔCyp1+ overexpressing PbCYP3","Overexpression","Unknown",
"gene mutation; gene complementation","ΔFGSG_10089:FGSG_10089 C to S Oex, ΔFGSG_10089:FGSG_10089C to F Oex",,"other",,,"Not assayed","Unknown",
"promoter mutation","ΔgefA/pTetOn-gefB",,"other",,"ΔgefA/pTetOn-gefB","Not assayed","Unknown",
"gene mutation: characterised","Δsof-FD",,"other",,"Δsof-FD","Not assayed","Unknown",
"other evidence: transgenic plants","ΔspAvr2R45H",,"other",,"ΔspAvr2R45H","Not assayed","Unknown",
"gene mutation","Δspd1837 C8S",,"other",,,"Not assayed","Unknown",
"gene mutation; gene complementation","ΔspnA::spnA_H716A",,"other",,,"Not assayed","Unknown",
"gene mutation; gene complementation","ΔxopK/XopK-E2BS",,"other",,,"Not assayed","Unknown",
"functional test in host: transient expression","HS-HaRxL106deltaC (deletion of C-terminal 58 amino acids required for nuclear localisation (NLS) and binding to MOS6 (co-IP assay)","coinfiltration in Nb, 48h MOS-GFP IP-ed and co-purifying HS-tagged proteins detected by anti-HA Western blot","partial deletion, amino acid",,,"Not assayed","Co-immunoprecipitation evidence",
"gene mutation","LpxA V128- (deletion of 128 valine)",,"partial deletion, amino acid",,"128","Not assayed","Unknown",
"gene mutation; gene complementation","LpxC D141* (truncation of C-terminal 160 aa)",,"partial deletion, amino acid",,"D141*","Not assayed","Unknown",
"gene mutation","LpxD E312* (truncation of C-terminal 45 aa)T LpxC D104E",,"partial deletion, amino acid",,"E312*","Not assayed","Unknown",
"gene mutation","N-terminal truncated (ΔNClpB) variant of ClpB lacking 1-56 amino acids",,"partial deletion, amino acid",,"1-56","Not assayed","Unknown",
"gene mutation","STE11 ΔN467",,"partial deletion, amino acid",,"467","Not assayed","Unknown",
"functional test in host: transient expression","YFPn-HaRxL106deltaC (deletion of C-terminal 58 amino acids required for nuclear localisation (NLS) and binding to MOS6 (co-IP assay)","coinfiltration in Nb, confocal microscopy performed 48h after infiltration","partial deletion, amino acid",,,"Not assayed","Co-immunoprecipitation evidence",
"gene mutation; gene complementation","deletion of alanine residue at position 503 (BteAΔA503)",,"partial deletion, amino acid",,"503","Not assayed","Unknown",
"gene deletion: partial","inlP ΔLRR5 (Δamino acids 174-195)",,"partial deletion, amino acid",,"174-195","Not assayed","Unknown",
"gene deletion: partial",,,"partial deletion, nucleotide",,"unknown mutation","Not assayed","Unknown",
"gene deletion: partial; gene complementation",,,"partial deletion, nucleotide",,"unknown mutation","Not assayed","Unknown",
"gene mutation","4-base deletion of nucleotide 1088 to 1091",,"partial deletion, nucleotide",,"1088-1091","Not assayed","Unknown",
"gene deletion: partial; gene complementation","49ACAUACU55 deletion",,"partial deletion, nucleotide",,"unknown","Not assayed","Unknown",
"gene mutation; gene complementation","ECE1Δ184-279",,"partial deletion, nucleotide",,"184-279","Not assayed","Unknown",
"gene deletion: partial; gene complementation","ECE1Δ184–279",,"partial deletion, nucleotide",,"unknown","Not assayed","Unknown",
"gene mutation","ECE1Δ184–279",,"partial deletion, nucleotide",,"184-279","Not assayed","Unknown",
"gene deletion: partial; gene complementation","IbeAΔ(229-342)",,"partial deletion, nucleotide",,"229-342","Not assayed","Unknown",
"altered gene expression / gene regulation","PdegPΔCpxR (25-bp deletion encompassing the CpxR box in degP promoter region)",,"partial deletion, nucleotide",,,"Not assayed","Unknown",
"gene mutation; gene complementation","SopB delta288-309",,"partial deletion, nucleotide",,"288-309","Not assayed","Unknown",
"functional test in host","VirB6aΔ(18-23) and VirB6aΔ(30-35)",,"partial deletion, nucleotide",,"18-23 30-35","Not assayed","Unknown",
"functional test in host: direct injection","VirB6aΔ(18-23) and VirB6aΔ(30-35)",,"partial deletion, nucleotide",,"18-23 30-35","Not assayed","Unknown",
"gene deletion: partial; gene complementation","YopNΔ131-167",,"partial deletion, nucleotide",,"131-167","Not assayed","Unknown",
"gene deletion: partial; gene complementation","YopNΔ170-207",,"partial deletion, nucleotide",,"170-207","Not assayed","Unknown",
"gene deletion: partial; gene complementation","YopNΔ76-181",,"partial deletion, nucleotide",,"76-181","Not assayed","Unknown",
"gene deletion: partial; gene complementation","deletion of 3 prime terminal half of gene",,"partial deletion, nucleotide",,"deletion of 3 prime terminal half of gene","Not assayed","Unknown",
"gene deletion: partial; gene complementation","deletion of UBA1 and UBA2 domains of rad23 gene (rad23Δ + RAD23-uba1Δ + uba2Δ)",,"partial deletion, nucleotide",,,"Not assayed","Unknown",
"gene deletion: partial; gene complementation","deletion of UBA1 and UBL domain of rad23 gene (rad23Δ + RAD23-ublΔ + uba1Δ)",,"partial deletion, nucleotide",,,"Not assayed","Unknown",
"gene deletion: partial; gene complementation","deletion of UBA1 domain of rad23 gene (rad23Δ + RAD23-uba1Δ)",,"partial deletion, nucleotide",,,"Not assayed","Unknown",
"gene deletion: partial; gene complementation","deletion of UBA2 domain of rad23 gene (rad23Δ + RAD23-uba2Δ)",,"partial deletion, nucleotide",,,"Not assayed","Unknown",
"gene deletion: partial; gene complementation","deletion of UBL domain of rad23 gene (rad23Δ + RAD23-ublΔ)",,"partial deletion, nucleotide",,,"Not assayed","Unknown",
"gene deletion: partial; gene complementation","deletion of XPCB domain of rad23 gene (rad23Δ + RAD23-xpcbΔ)",,"partial deletion, nucleotide",,,"Not assayed","Unknown",
"gene deletion: partial; gene complementation","deltaregM::km",,"partial deletion, nucleotide","deltaregM::km",,"Not assayed","Unknown",
"gene deletion: partial","ipgB1::aphA-3",,"partial deletion, nucleotide","ipgB1::aphA-3",,"Not assayed","Unknown",
"gene deletion: partial; gene complementation","lacking C-terminal region",,"partial deletion, nucleotide",,,"Not assayed","Unknown",
"other evidence: yeast two-hybrid","pGBKT7-pit2delta44-57",,"partial deletion, nucleotide",,"44-57","Not assayed","Yeast 2-hybrid evidence",
"other evidence: yeast two-hybrid","pGBKT7-pit2delta49-53",,"partial deletion, nucleotide",,"49-53","Not assayed","Yeast 2-hybrid evidence",
"other evidence: yeast two-hybrid","pGBKT7-pit2mut49-53",,"partial deletion, nucleotide",,"49-53","Not assayed","Yeast 2-hybrid evidence",
"gene deletion: partial","partial deletion encompassing the PDZ domain (htrAΔPDZ)",,"partial deletion, nucleotide",,,"Not assayed","Unknown",
"gene deletion: partial","pgp3Δc C-terminus gene deletion mutant",,"partial deletion, nucleotide",,,"Not assayed","Unknown",
"gene deletion: partial","pgp3Δm M-terminus gene deletion mutant",,"partial deletion, nucleotide",,,"Not assayed","Unknown",
"gene deletion: partial","pgp3Δn N-terminus gene deletion mutant",,"partial deletion, nucleotide",,,"Not assayed","Unknown",
"gene mutation","single base (C) deletion",,"partial deletion, nucleotide",,,"Not assayed","Unknown",
"gene deletion: partial; gene complementation","ΔespFC",,"partial deletion, nucleotide",,"ΔespFC","Not assayed","Unknown",
"gene deletion: partial; gene complementation","ΔespFN",,"partial deletion, nucleotide",,"ΔespFN","Not assayed","Unknown",
"altered gene expression / gene regulation: silencing","transformant 3B containing the antisense construct of MCNA",,"transformant",,,"Knockdown","Unknown",
"altered gene expression / gene regulation: silencing","transformant S53B containing the sense construct of MCNA",,"transformant",,,"Knockdown","Unknown",
"altered gene expression / gene regulation: overexpression",,,"unknown",,,"Overexpression","Unknown",
"altered gene expression / gene regulation: silencing",,,"unknown",,,"Knockdown","Unknown",
"altered gene expression / gene regulation: silencing: gene complementation",,,"unknown",,,"Knockdown","Unknown",
"altered gene expression / gene regulation: silencing; other evidence: transgenic plants",,,"unknown",,,"Knockdown","Unknown",
"altered gene expression / gene regulation: silencing; other evidence: transient expression",,,"unknown",,,"Knockdown","Unknown",
"biochemical analysis",,,"unknown",,,"Not assayed","Unknown",
"biochemical analysis; gene mutation: characterised",,,"unknown",,,"Not assayed","Unknown",
"biochemical analysis; gene mutation: characterised; gene complementation",,,"unknown",,,"Not assayed","Unknown",
"chemical complementation",,,"unknown",,,"Not assayed","Unknown",
"functional test in host",,,"unknown",,,"Not assayed","Unknown",
"functional test in host: dipping",,,"unknown",,,"Not assayed","Unknown",
"functional test in host: direct injection",,,"unknown",,,"Not assayed","Unknown",
"functional test in host: purified protein",,,"unknown",,,"Not assayed","Unknown",
"functional test in host: recombinant protein",,,"unknown",,,"Not assayed","Unknown",
"functional test in host: stable expression of 35s:harxl44 in arabidopsis",,,"unknown",,,"Not assayed","Unknown",
"functional test in host: stable overexpression of med19a in arabidopsis",,,"unknown",,,"Not assayed","Unknown",
"functional test in host: transient expression",,,"unknown",,,"Not assayed","Unknown",
"functional test in host: transient expression of recombinant mutant proteins",,,"unknown",,,"Not assayed","Unknown",
"functional test in host: transient expression of recombinant protein",,,"unknown",,,"Not assayed","Unknown",
"functional test in host: transient expression; gene mutation",,,"unknown",,,"Not assayed","Unknown",
"functional test in host: transient expression; gene mutation: characterised",,,"unknown",,,"Not assayed","Unknown",
"functional test in host: transient overexpression",,,"unknown",,,"Not assayed","Unknown",
"gene complementation",,,"unknown",,,"Not assayed","Unknown",
"gene deletion; gene mutation: characterised",,,"unknown",,,"Not assayed","Unknown",
"gene mutation",,,"unknown",,,"Not assayed","Unknown",
"gene mutation: characterised",,,"unknown",,,"Not assayed","Unknown",
"gene mutation: characterised; gene complementation",,,"unknown",,,"Not assayed","Unknown",
"gene mutation: full; gene complementation",,,"unknown",,,"?","Unknown",
"gene mutation; altered gene expression / gene regulation: silencing; gene complementation",,,"unknown",,,"Knockdown","Unknown",
"gene mutation; chemical complementation",,,"unknown",,,"Not assayed","Unknown",
"gene mutation; functional test in host: transient expression",,,"unknown",,,"Not assayed","Unknown",
"gene mutation; gene complementation",,,"unknown",,,"Not assayed","Unknown",
"gene mutation; gene complementation; chemical complementation",,,"unknown",,,"Not assayed","Unknown",
"gene mutation; heterologous expression",,,"unknown",,,"Not assayed","Unknown",
"gene mutation; other evidence: biparental conjugation",,,"unknown",,,"Not assayed","Unknown",
"gene mutation; other evidence: heterologous expression",,,"unknown",,,"Not assayed","Unknown",
"gene mutation; other evidence: recombinant protein",,,"unknown",,,"Not assayed","Unknown",
"gene mutation; other evidence: transgenic plants",,,"unknown",,,"Not assayed","Unknown",
"heterologous expression",,,"unknown",,,"Not assayed","Unknown",
"heterologous expression; other evidence: expression in yeast, followed by co-ip",,,"unknown",,,"Not assayed","Co-immunoprecipitation evidence",
"natural sequence variation",,,"unknown",,,"Not assayed","Unknown",
"other evidence",,,"unknown",,,"Not assayed","Unknown",
"other evidence: P. aeruginosa CF isolate SCH0057-7 transformed with cis-acting peptide, RpoN*-expression vector",,,"unknown",,,"Not assayed","Unknown",
"other evidence: antibody inhibition assay",,,"unknown",,,"Not assayed","Unknown",
"other evidence: association genetics",,,"unknown",,,"Not assayed","Unknown",
"other evidence: chemical inhibition",,,"unknown",,,"?","Unknown",
"other evidence: co-ip",,,"unknown",,,"Not assayed","Co-immunoprecipitation evidence","ECO:0000070"
"other evidence: co-ip in vitro",,,"unknown",,,"Not assayed","Co-immunoprecipitation evidence",
"other evidence: coinjection",,,"unknown",,,"Not assayed","Unknown",
"other evidence: conditional gene expression",,,"unknown",,,"Not assayed","Unknown",
"other evidence: conjugation",,,"unknown",,,"Not assayed","Unknown",
"other evidence: constitutive expression",,,"unknown",,,"Not assayed","Unknown",
"other evidence: ectopic complementation",,,"unknown",,,"Not assayed","Unknown",
"other evidence: ectopic expression",,,"unknown",,,"Not assayed","Unknown",
"other evidence: ectopic expression of transconjugants",,,"unknown",,,"Not assayed","Unknown",
"other evidence: enzyme activity inhibition",,,"unknown",,,"Not assayed","Unknown",
"other evidence: gene expression regulation",,,"unknown",,,"Not assayed","Unknown",
"other evidence: genetic transformation",,,"unknown",,,"Not assayed","Unknown",
"other evidence: heterologous complementation",,,"unknown",,,"Not assayed","Unknown",
"other evidence: heterologous expression",,,"unknown",,,"Not assayed","Unknown",
"other evidence: heterologous expression of recombinant protein",,,"unknown",,,"Not assayed","Unknown",
"other evidence: heterologous gene expression",,,"unknown",,,"Not assayed","Unknown",
"other evidence: host gene mutation",,,"unknown",,,"Not assayed","Unknown",
"other evidence: in vitro gst pull-down assay",,,"unknown",,,"Not assayed","Glutathione S-transferase pull-down assay evidence","ECO:0001817"
"other evidence: insertional mutagenesis screen",,,"unknown",,,"Not assayed","Unknown",
"other evidence: mutated transgenic plants",,,"unknown",,,"Not assayed","Unknown",
"other evidence: overexpressing transgenic plants",,,"unknown",,,"Overexpression","Unknown",
"other evidence: preventing binding with lipid rafts by depletion of cholesterol",,,"unknown",,,"Not assayed","Unknown",
"other evidence: recombinant plasmid",,,"unknown",,,"Not assayed","Unknown",
"other evidence: recombinant protein",,,"unknown",,,"Not assayed","In vitro recombinant protein transcription reconstitution assay evidence","ECO:0000152"
"other evidence: synthetic peptide",,,"unknown",,,"Not assayed","Unknown",
"other evidence: transgenes",,,"unknown",,,"Not assayed","Unknown",
"other evidence: transgenic",,,"unknown",,,"Not assayed","Unknown",
"other evidence: transgenic plants",,,"unknown",,,"Not assayed","Unknown",
"other evidence: transgenic plants; gene mutation",,,"unknown",,,"Not assayed","Unknown",
"other evidence: transient expression",,,"unknown",,,"Not assayed","Unknown",
"other evidence: transient overexpression",,,"unknown",,,"Overexpression","Unknown",
"other evidence: yeast split-ubiquitin two-hybrid system",,,"unknown",,,"Not assayed","Yeast 2-hybrid evidence","ECO:0000068"
"other evidence: yeast two-hybrid",,,"unknown",,,"Not assayed","Yeast 2-hybrid evidence","ECO:0000068"
"sequence analysis of sensitive and resistant strains",,,"unknown",,,"Not assayed","Unknown",
"sexual cross, sequencing of resistance conferring allele",,,"unknown",,,"Not assayed","Unknown",
"gene mutation: characterised; gene complementation","1663::Tn::1664 (M strain bearing a transposon insertion between the MMAR_1663and MMAR_1664 genes)",,"unknown",,,"Not assayed","Unknown",
"functional test in host: transient expression","35Sp:4xMyc:AVR-Pii (bait)","Agrobacterium-mediated co-expression by infiltration into Nb, co-IP with anti-myc and immunoblot with anti-HA","unknown",,,"Not assayed","Unknown",
"gene mutation","60190 Urease-negative",,"unknown",,,"Not assayed","Unknown",
"other evidence: yeast two-hybrid","AVR-Pii (without signal peptide) bait in yeast two-hybrid",,"unknown",,,"Not assayed","Yeast 2-hybrid evidence",
"functional test in host: transient expression","AVR-Pii:pDEST-VYCE","biolistic bombardment, confocal microscopy performed at 24h","unknown",,,"Not assayed","Unknown",
"other evidence: yeast two-hybrid","Avr3b cloned into pGBKT7",,"unknown",,,"Not assayed","Yeast 2-hybrid evidence",
"gene mutation: characterised; gene complementation","BpdeltaBPSS1504 (E8 derivate,BPSS1504ORF deleted)",,"unknown",,,"Not assayed","Unknown",
"gene mutation","BvgSΔ65",,"unknown",,,"Not assayed","Unknown",
"gene mutation; gene complementation","C38 or C184",,"unknown",,,"Not assayed","Unknown",
"altered gene expression / gene regulation: silencing","CS12 Avr3a silenced line",,"unknown",,,"Knockdown","Unknown",
"altered gene expression / gene regulation: silencing","Chs3bRNAi-1",,"unknown",,,"Knockdown","Unknown",
"altered gene expression / gene regulation: silencing","Chs3bRNAi-3",,"unknown",,,"Knockdown","Unknown",
"altered gene expression / gene regulation: silencing","Chs3bRNAi-5",,"unknown",,,"Knockdown","Unknown",
"gene mutation","DtolB araCPBADtolB (PAO1araCPBADtolB deleted of the endogenous copy of tolB)",,"unknown",,,"Not assayed","Unknown",
"functional test in host: transient expression","E. coli expressed GST-Pit2","Agrobacterium-mediated co-expression by infiltration, followed by co-IP","unknown",,,"Not assayed","Unknown",
"other evidence","FLAG -tagged","Co-expression in N. benthamiana using the pSITE vectors; MyC-tagged GmRINa, FLAG tagged Avr, IP using FLAG specific antibodies","unknown",,,"Not assayed","Unknown",
"other evidence","FLAG -tagged","Co-expression in N. benthamiana using the pSITE vectors; MyC-tagged GmRINb, FLAG tagged Avr, IP using FLAG specific antibodies","unknown",,,"Not assayed","Unknown",
"other evidence","FLAG -tagged","Co-expression in N. benthamiana using the pSITE vectors; MyC-tagged GmRINc, FLAG tagged Avr, IP using FLAG specific antibodies","unknown",,,"Not assayed","Unknown",
"other evidence","FLAG -tagged","Co-expression in N. benthamiana using the pSITE vectors; MyC-tagged GmRINd, FLAG tagged Avr, IP using FLAG specific antibodies","unknown",,,"Not assayed","Unknown",
"functional test in host: transient expression","FLAG-Avr3b inserted into pGR107","Co-expression in N. benthamiana leaves by agroinfiltration. IP using FLAG specific antibodies","unknown",,,"Not assayed","Unknown",
"other evidence","FLAG-tagged","Co-expression in N. benthamiana using the pSITE vectors; MyC-tagged GmNDR1a and 1b, FLAG tagged Avr, IP using FLAG specific antibodies","unknown",,,"Not assayed","Unknown",
"altered gene expression / gene regulation: overexpression","GFP-MoCKa fusion protein",,"unknown",,,"Overexpression","Unknown",
"altered gene expression / gene regulation: overexpression","GFP-MoCKb1 fusion protein",,"unknown",,,"Overexpression","Unknown",
"altered gene expression / gene regulation: overexpression","GFP-MoCKb2 fusion protein",,"unknown",,,"Overexpression","Unknown",
"functional test in host: transient expression","HA-HaRxL44","co-expression of transgenes in Nb leaves delivered by Agrobacterium tumefaciens","unknown",,,"Not assayed","Unknown",
"functional test in host: transient expression","HS-HaRxL106","coinfiltration in Nb, 48h MOS-GFP IP-ed and co-purifying HS-tagged proteins detected by anti-HA Western blot","unknown",,,"Not assayed","Unknown",
"other evidence: co-ip in vitro","His-FLAG-Gr-VAP1",,"unknown",,,"Not assayed","Co-immunoprecipitation evidence",
"gene mutation: characterised; gene complementation","MATalpha ktr3::NAT#159/KTR3::NEO",,"unknown",,,"Not assayed","Unknown",
"gene mutation: characterised","MC69p::mCherry (MC69promoter fused with a reporter protein gene mCherry)",,"unknown",,,"Not assayed","Unknown",
"other evidence","N/C-YFP-Avr3a","Co-expression in N. benthamiana and BiFC assays using split YFP constructs","unknown",,,"Not assayed","Unknown",
"gene mutation; gene complementation","PA3898::Tn",,"unknown",,,"Not assayed","Unknown",
"heterologous expression","PBAS1-HopAI (BA1)",,"unknown",,,"Not assayed","Unknown",
"gene mutation","PD0218::EZ::TN<Kan-2>Tnp",,"unknown",,"PD0218::EZ::TN<Kan-2>Tnp","Not assayed","Unknown",
"gene mutation","PD0681::EZ::TN<Kan-2>Tnp",,"unknown",,"PD0681::EZ::TN<Kan-2>Tnp","Not assayed","Unknown",
"gene mutation","PD0875::EZ::TN<Kan-2>Tnp",,"unknown",,"PD0875::EZ::TN<Kan-2>Tnp","Not assayed","Unknown",
"gene mutation","PD1198::EZ::TN<Kan-2>Tnp",,"unknown",,"PD1198::EZ::TN<Kan-2>Tnp","Not assayed","Unknown",
"gene mutation","PD1244::EZ::TN<Kan-2>Tnp",,"unknown",,"PD1244::EZ::TN<Kan-2>Tnp","Not assayed","Unknown",
"gene mutation","PD1542::EZ::TN<Kan-2>Tnp",,"unknown",,"PD1542::EZ::TN<Kan-2>Tnp","Not assayed","Unknown",
"gene mutation","PD2118::EZ::TN<Kan-2>Tnp",,"unknown",,"PD2118::EZ::TN<Kan-2>Tnp","Not assayed","Unknown",
"heterologous expression","PMIR1-HopAI (MA3)",,"unknown",,,"Not assayed","Unknown",
"heterologous expression","PRP27-HopAI",,"unknown",,,"Not assayed","Unknown",
"heterologous expression","PRP27-HopAI (RA11)",,"unknown",,,"Not assayed","Unknown",
"heterologous expression","PRP27-HopI1",,"unknown",,,"Not assayed","Unknown",
"gene mutation","PSPTO_5633::Cya (translocation reporter geneadenylate cyclase was fused to the C terminus of PSPTO_5633);",,"unknown",,,"Not assayed","Unknown",
"functional test in host: transient expression","PST02549-GFP fusion protein","Agrobacterium-mediated co-expression by infiltration, followed by anti-GFP co-IP","unknown",,,"Not assayed","Unknown",
"altered gene expression / gene regulation: overexpression","PTDH3-SKN1 (DNA fragment containing ORF and terminator cloned behind TDH3 promoter)",,"unknown",,,"Overexpression","Unknown",
"altered gene expression / gene regulation: overexpression","PTEF1-SKN1 (DNA fragment containing ORF and terminator cloned behind TEF1 promoter)",,"unknown",,,"Overexpression","Unknown",
"heterologous expression","PTrpC-HopAI",,"unknown",,,"Not assayed","Unknown",
"heterologous expression","PTrpC-HopAI (TA1)",,"unknown",,,"Not assayed","Unknown",
"functional test in host: transient expression","PopP2-CFP","Agrobacterium-mediated coexpression of transgenes in N. benthamiana with FLIM/FRET analysis after 48 hours","unknown",,,"Not assayed","Unknown",
"functional test in host: transient expression","PstDC3000 expressing AvrRPS4N-ATR1105-368Emoy2-HA",,"unknown",,,"Not assayed","Unknown",
"functional test in host: transient expression","PstDC3000 expressing AvrRPS4N-ATR1105-380Cala2-HA",,"unknown",,,"Not assayed","Unknown",
"functional test in host: transient expression","PstDC3000 expressing AvrRPS4N-ATR1342-154Emco5-HA",,"unknown",,,"Not assayed","Unknown",
"functional test in host: transient expression","PstDC3000 expressing AvrRPS4N-ATR1342-154Emoy2-HA",,"unknown",,,"Not assayed","Unknown",
"gene mutation; gene complementation","SCI-07deltanirC",,"unknown",,,"Not assayed","Unknown",
"other evidence","Split YFP","Co-expression in N. benthamiana and BiFC assays using split YFP constructs","unknown",,,"Not assayed","Unknown",
"functional test in host: transient expression","T7-HopG1","Agrobacterium-mediated co-expression by infiltration into Nb, co-IP using either anti-HA or anti-T7 antibodies, western with anti-HA-HRP, anti-T7-HRP or anti-actin","unknown",,,"Not assayed","Unknown",
"gene mutation; gene complementation","TW14359deltatolA",,"unknown",,,"Not assayed","Unknown",
"gene mutation; gene complementation","UK7deltaPFP1",,"unknown",,,"Not assayed","Unknown",
"gene mutation","W1370R amino acid substitution at HS2 region in CASEVO and ANDEVO strains in a homozygous form.",,"unknown",,,"Not assayed","Unknown",
"altered gene expression / gene regulation: overexpression","YE15 Y1, PdeltainvA IS1667",,"unknown",,,"Overexpression","Unknown",
"functional test in host: transient expression","YFPn-HaRxL106","coinfiltration in Nb, confocal microscopy performed 48h after infiltration","unknown",,,"Not assayed","Unknown",
"functional test in host: transient expression","YFPn-HaRxL44","co-expression of transgenes in Nb leaves delivered by Agrobacterium tumefaciens","unknown",,,"Not assayed","Unknown",
"gene mutation; gene complementation","aminoacid substitution at either Gln522 or Ser540",,"unknown",,,"Not assayed","Unknown",
"gene mutation: characterised; gene complementation","argD1000::Tn5 (mutant was named argD1000::Tn5 because the Tn5transposon was inserted after the 129 argD gene coding region nucleotide number 999)",,"unknown",,,"Not assayed","Unknown",
"other evidence: yeast two-hybrid","bait in Yeast two-hybrid",,"unknown",,,"Not assayed","Yeast 2-hybrid evidence",
"gene mutation: characterised; gene complementation","bceR- mutant, TmpR 9trimethoprim resistance)",,"unknown",,,"Not assayed","Unknown",
"other evidence: conditional gene expression","constructs expressing kpp2 under the control of the conditional promoters PUMAG_12184 and PUMAG_03597",,"unknown",,,"Not assayed","Unknown",
"gene mutation: characterised","coﬁlinS5A",,"unknown",,,"Not assayed","Unknown",
"gene mutation: characterised; gene complementation","deltaFrxA::kan (mutants of the plasmid gene FrxA fused to kanamycin resistance cassette)",,"unknown",,,"Not assayed","Unknown",
"gene mutation; gene complementation","deltaVgrG-T6SS1",,"unknown",,"deltaVgrG-T6SS1","Not assayed","Unknown",
"gene mutation; gene complementation","deltaVgrG-T6SS2",,"unknown",,"deltaVgrG-T6SS2","Not assayed","Unknown",
"gene mutation","deltainvA, Kanr",,"unknown",,,"Not assayed","Unknown",
"sequence analysis of sensitive and resistant strains","field isolate containing amino acid Arg at position 83",,"unknown",,,"Not assayed","Unknown",
"sequence analysis of sensitive and resistant strains","field isolate containing amino acid Ile at position 83",,"unknown",,,"Not assayed","Unknown",
"gene mutation; chemical complementation","heterodimeric nucleotide-binding domain (NBD)",,"unknown",,,"Not assayed","Unknown",
"gene mutation","ompAD268A",,"unknown",,,"Not assayed","Unknown",
"other evidence: yeast two-hybrid","pEXP32-AVR3a bait in Yeast two-hybrid",,"unknown",,,"Not assayed","Yeast 2-hybrid evidence",
"gene mutation","pFXFkan rpfC-Kanr-rpfF*(E141A E161A)",,"unknown",,"pFXFkan rpfC-Kanr-rpfF*(E141A E161A)","Not assayed","Unknown",
"other evidence: yeast two-hybrid","pGBKT7-Pit2 (without N-terminal secretion signal)",,"unknown",,,"Not assayed","Yeast 2-hybrid evidence",
"gene mutation: characterised; gene complementation","pGEM-T-bifAPsvAAL (pGEM-T easy derivate containing bifA gene from NCPPB 3335 with a pointmutation in the EAL motif (ApR))",,"unknown",,,"Not assayed","Unknown",
"gene mutation","pGEM-arcD PvuII released erythromycin resistance cassette derived from vectorpICerm was used to disrupt ArcD",,"unknown",,,"Not assayed","Unknown",
"functional test in host: transient expression","pK2GW7 Cala2 ATR1NdWsB test construct (and pK2GW7 uidA for GUS expression in cobombardments)","Cobombardment of leaves with an ATR1 test construct and 35S:GUS. Detection of product of ATR1NdWsB by RPP1 elicits localized plant cell death (a hypersensitive response) visualized as a reduction in GUS-expressing (blue stained) plant cells.","unknown",,,"Not assayed","Unknown",
"functional test in host: transient expression","pK2GW7 Emco5 ATR1NdWsB test construct (and pK2GW7 uidA for GUS expression in cobombardments)","Cobombardment of leaves with an ATR1 test construct and 35S:GUS. Detection of product of ATR1NdWsB by RPP1 elicits localized plant cell death (a hypersensitive response) visualized as a reduction in GUS-expressing (blue stained) plant cells.","unknown",,,"Not assayed","Unknown",
"functional test in host: transient expression","pK2GW7 Emoy2 ATR1NdWsB test construct (and pK2GW7 uidA for GUS expression in cobombardments)","Cobombardment of leaves with an ATR1 test construct and 35S:GUS. Detection of product of ATR1NdWsB by RPP1 elicits localized plant cell death (a hypersensitive response) visualized as a reduction in GUS-expressing (blue stained) plant cells.","unknown",,,"Not assayed","Unknown",
"functional test in host: transient expression","pK2GW7 Emwa1 ATR1NdWsB test construct (and pK2GW7 uidA for GUS expression in cobombardments)","Cobombardment of leaves with an ATR1 test construct and 35S:GUS. Detection of product of ATR1NdWsB by RPP1 elicits localized plant cell death (a hypersensitive response) visualized as a reduction in GUS-expressing (blue stained) plant cells.","unknown",,,"Not assayed","Unknown",
"functional test in host: transient expression","pK2GW7 Maks9 ATR1NdWsB test construct (and pK2GW7 uidA for GUS expression in cobombardments)","Cobombardment of leaves with an ATR1 test construct and 35S:GUS. Detection of product of ATR1NdWsB by RPP1 elicits localized plant cell death (a hypersensitive response) visualized as a reduction in GUS-expressing (blue stained) plant cells.","unknown",,,"Not assayed","Unknown",
"functional test in host: transient expression","pK2GW7 Noks1 ATR1NdWsB test construct (and pK2GW7 uidA for GUS expression in cobombardments)","Cobombardment of leaves with an ATR1 test construct and 35S:GUS. Detection of product of ATR1NdWsB by RPP1 elicits localized plant cell death (a hypersensitive response) visualized as a reduction in GUS-expressing (blue stained) plant cells.","unknown",,,"Not assayed","Unknown",
"gene mutation; gene complementation","pKL13 with 1.6 kb aacC1 interrupting qscR ApR GmR",,"unknown",,,"Not assayed","Unknown",
"gene mutation","pMWO : :yapGSDM1+2+3+4+5 (pMWO : :yapGcontaining K512A, KR548-549AG, K558A, KR594-595AG and K604A mutations)",,"unknown",,,"Not assayed","Unknown",
"other evidence: transgenic plants","pUASgal4::AVR1-CO39 transgenic rice, DEX inducible",,"unknown",,,"Not assayed","Unknown",
"altered gene expression / gene regulation: overexpression","ptn1 otef overexpression strain",,"unknown",,,"Overexpression","Unknown",
"functional test in host: transient expression","rEPI10 (expressed in E. coli, affinity purified rEPI10 as a fusion protein with the FLAG tag at the N terminus)","Co-IP experiment. rEPI10 incubated with isolated intercellular tomato fluids. Anti-FLAG resin to bind rEPI10 and ppt protein complex. Western blot bands identified with anti-P69 and anti-FLAG.","unknown",,,"Not assayed","Unknown",
"functional test in host","re-introduction of pthXo1 into pthXo1 minus strain PXO99AME2",,"unknown",,,"Not assayed","Unknown",
"other evidence: recombinant protein","recombinant M.smeg_Rv0297 expressing PGRS domain",,"unknown",,,"Not assayed","In vitro recombinant protein transcription reconstitution assay evidence",
"gene mutation; gene complementation","rsaL::ISlacZ/hah",,"unknown",,"rsaL::ISlacZ/hah","Not assayed","Unknown",
"gene mutation: characterised","tetO-UME6",,"unknown",,,"Not assayed","Unknown",
"gene mutation","tetracycline repressible expression of CDC43 (PTETO-CDC43)",,"unknown",,,"Not assayed","Unknown",
"gene mutation","tetracycline repressible expression of RAM2 (PTETO-RAM2)",,"unknown",,,"Not assayed","Unknown",
"functional test in host: transient expression","transient expression of Gr-VAP1 with native SP in tomato leaves",,"unknown",,,"Not assayed","Unknown",
"other evidence: wild-type inoculation",,,"wild type",,,"Not assayed","Unknown",
"sequence analysis of sensitive and resistant strains","field isolate containing amino acid Ser at position 83 (wild-type)",,"wild type",,,"Not assayed","Unknown",
"other evidence: yeast two-hybrid","full length 488 amino acids used as bait in yeast two-hybrid",,"wild type",,,"Not assayed","Yeast 2-hybrid evidence",
"other evidence: host gene deletion","none (wild-type)",,"wild type",,,,"Unknown",
"other evidence: host gene disruption","none (wild-type)",,"wild type",,,"Not assayed","Unknown",
"other evidence: host gene disruption; host gene complementation","none (wild-type)",,"wild type",,,"Not assayed","Unknown",
"other evidence: host gene mutation","none (wild-type)",,"wild type",,,"Not assayed","Unknown",
"other evidence: mutated transgenic plants","none (wild-type)",,"wild type",,,"Not assayed","Unknown",
"other evidence: host gene disruption","none wild type HaRxL44 naturally present in Hpa strain",,"wild type",,,"Not assayed","Unknown",
